,D,DevE2R,DevR2E,DevtE2R,DevtR2E,HitRate_0.5F,HitRate_0.5P,HitRate_0.5R,HitRate_3F,HitRate_3P,HitRate_3R,HitRate_t0.5F,HitRate_t0.5P,HitRate_t0.5R,HitRate_t3F,HitRate_t3P,HitRate_t3R,ds_name,track_id
0,0.4803184191980354,4.10628161599999,2.2588625489999856,5.346321533199998,3.2450614470999994,0.125,0.10526315789473684,0.15384615384615385,0.4375,0.3684210526315789,0.5384615384615384,0.07142857142857142,0.058823529411764705,0.09090909090909091,0.35714285714285715,0.29411764705882354,0.45454545454545453,Isophonics,Isophonics_01 A Kind Of Magic
1,0.46094764477439354,5.230402831999982,1.0720438844999975,7.667539306999998,1.5965827558849897,0.12903225806451613,0.09523809523809523,0.2,0.5161290322580645,0.38095238095238093,0.8,0.07407407407407407,0.05263157894736842,0.125,0.44444444444444436,0.3157894736842105,0.75,Isophonics,Isophonics_01 Bohemian Rhapsody
2,0.5223817198902911,1.5611928043449996,1.1526065670000065,1.5938736038499997,1.5611928043449996,0.23076923076923075,0.21428571428571427,0.25,0.7692307692307692,0.7142857142857143,0.8333333333333334,0.0909090909090909,0.08333333333333333,0.1,0.7272727272727272,0.6666666666666666,0.8,Isophonics,Isophonics_01 I Feel The Earth Move
3,0.495464326617891,4.9873557129999995,4.628243224999991,4.9873557129999995,4.628243224999991,0.1764705882352941,0.15,0.21428571428571427,0.23529411764705882,0.2,0.2857142857142857,0.13333333333333333,0.1111111111111111,0.16666666666666666,0.2,0.16666666666666666,0.25,Isophonics,Isophonics_01 The Show Must Go On
4,0.5502800083248099,1.9239624020000008,2.825334610954999,3.403705505399998,3.453453872699999,0.1904761904761905,0.2222222222222222,0.16666666666666666,0.4761904761904762,0.5555555555555556,0.4166666666666667,0.0,0.0,0.0,0.3529411764705882,0.42857142857142855,0.3,Isophonics,Isophonics_01_-_A_Hard_Day's_Night
5,0.5295766780147033,1.6204641113500067,1.0783245240000028,2.020683868199999,1.4456097716500054,0.28571428571428575,0.25,0.3333333333333333,0.7142857142857143,0.625,0.8333333333333334,0.16666666666666666,0.14285714285714285,0.2,0.6666666666666666,0.5714285714285714,0.8,Isophonics,Isophonics_01_-_Come_Together
6,0.5266215085276709,1.4189274330100003,1.174075897199998,1.5190603030000034,1.4189274330100003,0.21428571428571427,0.2,0.23076923076923078,0.6428571428571429,0.6,0.6923076923076923,0.08333333333333334,0.07692307692307693,0.09090909090909091,0.5833333333333334,0.5384615384615384,0.6363636363636364,Isophonics,Isophonics_01_-_Drive_My_Car
7,0.5138959006151934,2.4801937256999977,1.4516140140000005,2.8575851746999987,1.7561387176499998,0.14814814814814814,0.125,0.18181818181818182,0.5925925925925926,0.5,0.7272727272727273,0.0,0.0,0.0,0.5217391304347826,0.42857142857142855,0.6666666666666666,Isophonics,Isophonics_01_-_Help!
8,0.5098953459681937,1.2309969330000001,1.2309969330000001,2.161609375000012,2.5073762816999903,0.26666666666666666,0.26666666666666666,0.26666666666666666,0.6666666666666666,0.6666666666666666,0.6666666666666666,0.15384615384615385,0.15384615384615385,0.15384615384615385,0.6153846153846154,0.6153846153846154,0.6153846153846154,Isophonics,Isophonics_01_-_I_Saw_Her_Standing_There
9,0.5550932463340537,0.7470000472100019,0.5998367338199999,1.3582493743000015,0.8941633606000039,0.4444444444444445,0.42857142857142855,0.46153846153846156,0.888888888888889,0.8571428571428571,0.9230769230769231,0.34782608695652173,0.3333333333333333,0.36363636363636365,0.8695652173913043,0.8333333333333334,0.9090909090909091,Isophonics,Isophonics_01_-_It_Won't_Be_Long
10,0.5357938279961953,1.2740466459000004,1.1667281490000079,1.440411411249996,1.381365142799993,0.29629629629629634,0.2857142857142857,0.3076923076923077,0.7407407407407408,0.7142857142857143,0.7692307692307693,0.17391304347826086,0.16666666666666666,0.18181818181818182,0.6956521739130435,0.6666666666666666,0.7272727272727273,Isophonics,Isophonics_01_-_Magical_Mystery_Tour
11,0.5357938279961953,3.0319802250000123,0.9454242249999965,4.35402917099,1.4421876831500064,0.1904761904761905,0.15384615384615385,0.25,0.5714285714285714,0.46153846153846156,0.75,0.0,0.0,0.0,0.4705882352941177,0.36363636363636365,0.6666666666666666,Isophonics,Isophonics_01_-_No_Reply
12,0.4671135540195007,2.41487526894,0.6088936615499954,3.6639897461000004,0.6267102508499995,0.14814814814814814,0.10526315789473684,0.25,0.5185185185185185,0.3684210526315789,0.875,0.0,0.0,0.0,0.4347826086956522,0.29411764705882354,0.8333333333333334,Isophonics,Isophonics_01_-_Sgt._Pepper's_Lonely_Hearts_Club_Band
13,0.5266215085276709,3.2511428219999914,2.577205322300003,3.970873717999993,2.9261518550000005,0.14285714285714288,0.13333333333333333,0.15384615384615385,0.5,0.4666666666666667,0.5384615384615384,0.0,0.0,0.0,0.41666666666666663,0.38461538461538464,0.45454545454545453,Isophonics,Isophonics_01_-_Spiel_Mir_Eine_Alte_Melodie
14,0.49821512321568356,1.2944880675999997,2.208132690500001,1.380784546000001,3.4333995285000007,0.2580645161290323,0.26666666666666666,0.25,0.5161290322580646,0.5333333333333333,0.5,0.14814814814814817,0.15384615384615385,0.14285714285714285,0.4444444444444445,0.46153846153846156,0.42857142857142855,Isophonics,Isophonics_01_-_Taxman
15,0.43751719357382374,7.217304321,0.980886718999995,8.16193231199999,3.0312346572849984,0.10810810810810811,0.08,0.16666666666666666,0.3783783783783784,0.28,0.5833333333333334,0.0,0.0,0.0,0.30303030303030304,0.21739130434782608,0.5,Isophonics,Isophonics_01_-_Two_of_Us
16,0.45198536542359785,5.383358093050006,1.8595465090000118,6.726484679999999,4.003077697500004,0.1111111111111111,0.09090909090909091,0.14285714285714285,0.4444444444444444,0.36363636363636365,0.5714285714285714,0.0625,0.05,0.08333333333333333,0.37499999999999994,0.3,0.5,Isophonics,Isophonics_02 Another One Bites The Dust
17,0.49083714303742154,3.8552254102000063,0.7600180664000007,5.585356819200001,1.2410770702399998,0.20689655172413793,0.16666666666666666,0.2727272727272727,0.4827586206896552,0.3888888888888889,0.6363636363636364,0.08,0.0625,0.1111111111111111,0.39999999999999997,0.3125,0.5555555555555556,Isophonics,Isophonics_02 So Far Away
18,0.5098953459681936,6.56810400400002,5.436582916100008,6.56810400400002,5.436582916100008,0.07407407407407407,0.06666666666666667,0.08333333333333333,0.2962962962962963,0.26666666666666666,0.3333333333333333,0.0,0.0,0.0,0.2608695652173913,0.23076923076923078,0.3,Isophonics,Isophonics_02 Under Pressure
19,0.6236613424117626,1.8700611705800014,2.1018866272000025,4.458249374399998,6.814612121599993,0.23529411764705882,0.25,0.2222222222222222,0.5882352941176471,0.625,0.5555555555555556,0.0,0.0,0.0,0.4615384615384615,0.5,0.42857142857142855,Isophonics,Isophonics_02_-_All_I've_Got_To_Do
20,0.5012988399287389,5.501764403999999,2.3526054689999967,6.099451415999994,4.667591217000002,0.1111111111111111,0.09523809523809523,0.13333333333333333,0.4444444444444444,0.38095238095238093,0.5333333333333333,0.0,0.0,0.0,0.37499999999999994,0.3157894736842105,0.46153846153846156,Isophonics,Isophonics_02_-_Dig_a_Pony
21,0.5600738336466254,1.4535963974000001,0.7317666473000006,1.4968441160000054,1.1502353519999957,0.23076923076923075,0.2,0.2727272727272727,0.846153846153846,0.7333333333333333,1.0,0.09090909090909093,0.07692307692307693,0.1111111111111111,0.8181818181818181,0.6923076923076923,1.0,Isophonics,Isophonics_02_-_Eleanor_Rigby
22,0.4803184191980354,1.1838576659999944,0.8335204468999962,1.7181510925000012,0.9560941163499983,0.2580645161290323,0.21052631578947367,0.3333333333333333,0.7096774193548387,0.5789473684210527,0.9166666666666666,0.14814814814814817,0.11764705882352941,0.2,0.6666666666666667,0.5294117647058824,0.9,Isophonics,Isophonics_02_-_I'm_a_Loser
23,0.5502800083248099,3.6250026244999916,3.6250026244999916,4.510522705200003,4.510522705200003,0.16666666666666666,0.16666666666666666,0.16666666666666666,0.3333333333333333,0.3333333333333333,0.3333333333333333,0.0,0.0,0.0,0.20000000000000004,0.2,0.2,Isophonics,Isophonics_02_-_I_Should_Have_Known_Better
24,0.5550932463340537,2.3215307616999965,2.310710754400006,3.0646603394000067,2.3215307616999965,0.24999999999999994,0.23076923076923078,0.2727272727272727,0.5833333333333334,0.5384615384615384,0.6363636363636364,0.09999999999999999,0.09090909090909091,0.1111111111111111,0.5,0.45454545454545453,0.5555555555555556,Isophonics,Isophonics_02_-_Misery
25,0.5502800083248099,2.407584503149998,1.9210502318999971,2.9621203384499992,2.894118774399999,0.2608695652173913,0.25,0.2727272727272727,0.6086956521739131,0.5833333333333334,0.6363636363636364,0.10526315789473685,0.1,0.1111111111111111,0.5263157894736842,0.5,0.5555555555555556,Isophonics,Isophonics_02_-_Norwegian_Wood_(This_Bird_Has_Flown)
26,0.5223817198902911,2.5654035944999976,2.7746370999499987,2.786305465449999,3.39092944335,0.21428571428571427,0.21428571428571427,0.21428571428571427,0.5714285714285714,0.5714285714285714,0.5714285714285714,0.08333333333333333,0.08333333333333333,0.08333333333333333,0.5,0.5,0.5,Isophonics,Isophonics_02_-_Rawhide
27,0.5668568442552718,5.351163025000005,1.845824325550005,6.265620209000005,2.885936787615001,0.23076923076923075,0.1875,0.3,0.4615384615384615,0.375,0.6,0.09090909090909091,0.07142857142857142,0.125,0.36363636363636365,0.2857142857142857,0.5,Isophonics,Isophonics_02_-_Something
28,0.502001619189632,1.29827661991,0.832513855000002,2.0289981690000047,1.2914516599999786,0.13333333333333333,0.11764705882352941,0.15384615384615385,0.6666666666666667,0.5882352941176471,0.7692307692307693,0.0,0.0,0.0,0.6153846153846153,0.5333333333333333,0.7272727272727273,Isophonics,Isophonics_02_-_The_Fool_On_The_Hill
29,0.5315183766475331,3.5699216309999997,2.089113494749995,3.5755819092000003,2.8298386230000006,0.13793103448275862,0.11764705882352941,0.16666666666666666,0.4827586206896552,0.4117647058823529,0.5833333333333334,0.0,0.0,0.0,0.4,0.3333333333333333,0.5,Isophonics,Isophonics_02_-_The_Night_Before
30,0.5403026083468738,2.54877381915,2.54877381915,2.6883091734999915,2.5545529326499903,0.15384615384615383,0.14285714285714285,0.16666666666666666,0.6923076923076924,0.6428571428571429,0.75,0.0,0.0,0.0,0.6363636363636365,0.5833333333333334,0.7,Isophonics,Isophonics_02_-_With_A_Little_Help_From_My_Friends
31,0.5098953459681937,8.435762573200002,2.238526733499995,11.232253006000004,4.998646850499995,0.08,0.06666666666666667,0.1,0.4,0.3333333333333333,0.5,0.0,0.0,0.0,0.2857142857142857,0.23076923076923078,0.375,Isophonics,Isophonics_03 Barcelona
32,0.5357938279961953,2.8069989928999988,2.8445899657999973,3.0770982968999974,3.3096066279999974,0.14814814814814817,0.14285714285714285,0.15384615384615385,0.5185185185185186,0.5,0.5384615384615384,0.0,0.0,0.0,0.43478260869565216,0.4166666666666667,0.45454545454545453,Isophonics,Isophonics_03 It's Too Late
33,0.5357938279961953,4.254405715899999,2.3312229,6.147149718999998,3.686118140950004,0.08,0.07692307692307693,0.08333333333333333,0.4,0.38461538461538464,0.4166666666666667,0.0,0.0,0.0,0.28571428571428564,0.2727272727272727,0.3,Isophonics,Isophonics_03 Killer Queen
34,0.4221019652169903,4.857263184000033,3.242463317899997,5.302481445300003,3.256927246000032,0.047619047619047616,0.037037037037037035,0.06666666666666667,0.33333333333333337,0.25925925925925924,0.4666666666666667,0.0,0.0,0.0,0.2631578947368421,0.2,0.38461538461538464,Isophonics,Isophonics_03 Radio Ga Ga
35,0.4671135540195007,3.1952404175000026,3.05067993199998,5.480593261700008,3.1952404175000026,0.2222222222222222,0.21052631578947367,0.23529411764705882,0.4444444444444444,0.42105263157894735,0.47058823529411764,0.125,0.11764705882352941,0.13333333333333333,0.37500000000000006,0.35294117647058826,0.4,Isophonics,Isophonics_03_-_Across_the_Universe
36,0.5582234968034566,5.780221527099998,1.9001550293000022,7.296957641599997,3.471671936,0.16666666666666666,0.14285714285714285,0.2,0.5,0.42857142857142855,0.6,0.0,0.0,0.0,0.4,0.3333333333333333,0.5,Isophonics,Isophonics_03_-_All_My_Loving
37,0.40788757802050624,5.525997437000001,0.6584031980000028,5.7679610595999975,1.1735280763000056,0.1951219512195122,0.13793103448275862,0.3333333333333333,0.4390243902439025,0.3103448275862069,0.75,0.10810810810810811,0.07407407407407407,0.2,0.37837837837837834,0.25925925925925924,0.7,Isophonics,Isophonics_03_-_Anna_(Go_To_Him)
38,0.5098953459681936,1.4438482816999993,3.4594678344999963,2.5482616424499973,4.292024353000002,0.16,0.2,0.13333333333333333,0.48,0.6,0.4,0.0,0.0,0.0,0.380952380952381,0.5,0.3076923076923077,Isophonics,Isophonics_03_-_Baby's_In_Black
39,0.6302218310330651,3.854815490700002,2.2533498539999925,3.8937321777000022,3.854815490700002,0.25,0.2222222222222222,0.2857142857142857,0.5,0.4444444444444444,0.5714285714285714,0.0,0.0,0.0,0.3333333333333333,0.2857142857142857,0.4,Isophonics,Isophonics_03_-_Flying
40,0.4296470271379746,3.8202359314000063,1.0563582457999985,4.086882873350007,1.80611548615,0.15384615384615388,0.11538461538461539,0.23076923076923078,0.5128205128205128,0.38461538461538464,0.7692307692307693,0.05714285714285715,0.041666666666666664,0.09090909090909091,0.4571428571428572,0.3333333333333333,0.7272727272727273,Isophonics,Isophonics_03_-_I'm_Only_Sleeping
41,0.5138959006151934,3.1810840303000028,1.2186065062999987,4.4729315757600006,1.84011548615,0.16,0.125,0.2222222222222222,0.56,0.4375,0.7777777777777778,0.0,0.0,0.0,0.4761904761904762,0.35714285714285715,0.7142857142857143,Isophonics,Isophonics_03_-_If_I_Fell
42,0.5403026083468738,0.9808401334499877,0.9808401334499877,1.3146654176599977,1.372667935210006,0.30769230769230765,0.3333333333333333,0.2857142857142857,0.6923076923076924,0.75,0.6428571428571429,0.1818181818181818,0.2,0.16666666666666666,0.6363636363636365,0.7,0.5833333333333334,Isophonics,Isophonics_03_-_Lucy_In_The_Sky_With_Diamonds
43,0.5167599979185825,1.8096694031000027,1.5321972655000025,2.649812499999996,1.7774165495500114,0.2580645161290323,0.23529411764705882,0.2857142857142857,0.7741935483870968,0.7058823529411765,0.8571428571428571,0.14814814814814814,0.13333333333333333,0.16666666666666666,0.7407407407407408,0.6666666666666666,0.8333333333333334,Isophonics,Isophonics_03_-_Maxwell's_Silver_Hammer
44,0.5511760668557619,7.282794555849989,0.3444897959183777,7.930636718949991,1.680107055999997,0.39999999999999997,0.3125,0.5555555555555556,0.4800000000000001,0.375,0.6666666666666666,0.2857142857142857,0.21428571428571427,0.42857142857142855,0.38095238095238093,0.2857142857142857,0.5714285714285714,Isophonics,Isophonics_03_-_She
45,0.5660273828745788,2.1384548951500015,2.9065682373,2.954119171150001,3.0016701050000023,0.3157894736842105,0.375,0.2727272727272727,0.5263157894736842,0.625,0.45454545454545453,0.13333333333333333,0.16666666666666666,0.1111111111111111,0.4,0.5,0.3333333333333333,Isophonics,Isophonics_03_-_You've_Got_To_Hide_Your_Love_Away
46,0.5888357863647751,1.2829193313400018,1.0419226070000036,1.8404025773899995,2.156889099099999,0.28571428571428564,0.3,0.2727272727272727,0.761904761904762,0.8,0.7272727272727273,0.11764705882352941,0.125,0.1111111111111111,0.7058823529411765,0.75,0.6666666666666666,Isophonics,Isophonics_03_-_You_Won't_See_Me
47,0.5502800083248099,2.1481717773322018,1.9201077270000013,3.735428741000007,4.064665771000023,0.17391304347826086,0.16666666666666666,0.18181818181818182,0.5217391304347826,0.5,0.5454545454545454,0.10526315789473685,0.1,0.1111111111111111,0.4210526315789474,0.4,0.4444444444444444,Isophonics,Isophonics_04 Fat Bottomed Girls
48,0.5357938279961953,3.4651360930000017,3.480884551999999,3.4829931259,3.4973622440000014,0.16,0.16666666666666666,0.15384615384615385,0.4,0.4166666666666667,0.38461538461538464,0.0,0.0,0.0,0.28571428571428564,0.3,0.2727272727272727,Isophonics,Isophonics_04 Home Again
49,0.5266215085276709,2.38283448219,12.376908203,10.482615967000015,18.78019335900001,0.07692307692307691,0.09090909090909091,0.06666666666666667,0.4615384615384615,0.5454545454545454,0.4,0.0,0.0,0.0,0.3636363636363637,0.4444444444444444,0.3076923076923077,Isophonics,Isophonics_04 I Want It All
50,0.41269496338015643,3.6056491699999924,0.8097686461500047,4.0871553690099995,1.522386783954996,0.045454545454545456,0.03333333333333333,0.07142857142857142,0.5,0.36666666666666664,0.7857142857142857,0.0,0.0,0.0,0.45000000000000007,0.32142857142857145,0.75,Isophonics,Isophonics_04 Too Much Love Will Kill You
51,0.49083714303742154,1.3018376445799995,0.3160512390000001,1.4867352884799936,1.0358447571000013,0.45161290322580644,0.3888888888888889,0.5384615384615384,0.6451612903225806,0.5555555555555556,0.7692307692307693,0.3703703703703703,0.3125,0.45454545454545453,0.5925925925925926,0.5,0.7272727272727273,Isophonics,Isophonics_04_-_Blue_Jay_Way
52,0.5660273828745788,1.4547198791000042,1.422222351000002,1.5304450071000133,1.4872174072000064,0.2608695652173913,0.25,0.2727272727272727,0.8695652173913043,0.8333333333333334,0.9090909090909091,0.10526315789473685,0.1,0.1111111111111111,0.8421052631578948,0.8,0.8888888888888888,Isophonics,Isophonics_04_-_Chains
53,0.526621508527671,2.8507877807999975,2.838641387900008,3.0789558110000144,2.856285049459999,0.14814814814814814,0.13333333333333333,0.16666666666666666,0.5925925925925926,0.5333333333333333,0.6666666666666666,0.0,0.0,0.0,0.5217391304347826,0.46153846153846156,0.6,Isophonics,Isophonics_04_-_Don't_Bother_Me
54,0.4671135540195007,4.736809081999979,4.736809081999979,4.759742920000008,4.759742920000008,0.15789473684210525,0.15789473684210525,0.15789473684210525,0.3684210526315789,0.3684210526315789,0.3684210526315789,0.058823529411764705,0.058823529411764705,0.058823529411764705,0.29411764705882354,0.29411764705882354,0.29411764705882354,Isophonics,Isophonics_04_-_Erbauliche_Gedanken_Eines_Tobackrauchers
55,0.5357938279961953,1.6523559417699998,1.4573976440000038,3.0904982909999887,3.3833266600000087,0.3076923076923077,0.3076923076923077,0.3076923076923077,0.46153846153846156,0.46153846153846156,0.46153846153846156,0.18181818181818182,0.18181818181818182,0.18181818181818182,0.36363636363636365,0.36363636363636365,0.36363636363636365,Isophonics,Isophonics_04_-_Getting_Better
56,0.5502800083248099,1.6919621419950053,1.213152100000002,2.1679653017500087,1.8338880005000107,0.17391304347826086,0.16666666666666666,0.18181818181818182,0.6956521739130435,0.6666666666666666,0.7272727272727273,0.0,0.0,0.0,0.631578947368421,0.6,0.6666666666666666,Isophonics,Isophonics_04_-_I'm_Happy_Just_To_Dance_With_You
57,0.5098953459681937,4.698166198700001,0.9467120360999957,7.0279156493999935,1.8602050169999984,0.16666666666666669,0.13333333333333333,0.2222222222222222,0.5833333333333334,0.4666666666666667,0.7777777777777778,0.0,0.0,0.0,0.5,0.38461538461538464,0.7142857142857143,Isophonics,Isophonics_04_-_I_Me_Mine
58,0.5550932463340537,3.0141611937999926,2.0820115966999992,3.8543376464999994,3.0141611937999926,0.16666666666666669,0.15384615384615385,0.18181818181818182,0.41666666666666663,0.38461538461538464,0.45454545454545453,0.0,0.0,0.0,0.3,0.2727272727272727,0.3333333333333333,Isophonics,Isophonics_04_-_I_Need_You
59,0.4985073782220848,2.368520629999992,1.615092605800001,2.403213134799998,2.2157598417999935,0.2580645161290323,0.21052631578947367,0.3333333333333333,0.6451612903225806,0.5263157894736842,0.8333333333333334,0.14814814814814817,0.11764705882352941,0.2,0.5925925925925927,0.47058823529411764,0.8,Isophonics,Isophonics_04_-_Love_You_To
60,0.524917108579154,2.9709525146000004,1.2008234859999902,2.9778783264000026,2.8675002439999986,0.25,0.21052631578947367,0.3076923076923077,0.5625,0.47368421052631576,0.6923076923076923,0.14285714285714285,0.11764705882352941,0.18181818181818182,0.5,0.4117647058823529,0.6363636363636364,Isophonics,Isophonics_04_-_Nowhere_Man
61,0.49821512321568356,5.614737991150001,0.8566056926599926,6.199888229149998,3.5906736343400008,0.23076923076923075,0.1875,0.3,0.4615384615384615,0.375,0.6,0.09090909090909091,0.07142857142857142,0.125,0.36363636363636365,0.2857142857142857,0.5,Isophonics,Isophonics_04_-_Oh!_Darling
62,0.47479376891379416,4.099846466300001,1.9653877562999966,4.436832092499998,2.6613599850000043,0.1142857142857143,0.09090909090909091,0.15384615384615385,0.4571428571428572,0.36363636363636365,0.6153846153846154,0.0,0.0,0.0,0.3870967741935483,0.3,0.5454545454545454,Isophonics,Isophonics_04_-_Rock_and_Roll_Music
63,0.5098953459681937,3.5777285078,4.7152080687999955,4.711401634199998,5.523589599600001,0.14814814814814814,0.16666666666666666,0.13333333333333333,0.4444444444444445,0.5,0.4,0.0,0.0,0.0,0.34782608695652173,0.4,0.3076923076923077,Isophonics,Isophonics_05 Beautiful
64,0.5660273828745789,1.5799214935000023,1.5799214935000023,2.3621540832999983,2.528652954000023,0.18181818181818182,0.18181818181818182,0.18181818181818182,0.6363636363636364,0.6363636363636364,0.6363636363636364,0.1111111111111111,0.1111111111111111,0.1111111111111111,0.5555555555555556,0.5555555555555556,0.5555555555555556,Isophonics,Isophonics_05 Bicycle Race
65,0.4803184191980354,8.918104736299995,3.2669047545999987,9.459382812000001,5.424604614000003,0.06666666666666667,0.05263157894736842,0.09090909090909091,0.3333333333333333,0.2631578947368421,0.45454545454545453,0.0,0.0,0.0,0.23076923076923078,0.17647058823529413,0.3333333333333333,Isophonics,Isophonics_05 I Want To Break Free
66,0.4434446222000431,5.841748535200011,3.7509548339500007,5.841748535200011,3.7509548339500007,0.10256410256410256,0.08695652173913043,0.125,0.358974358974359,0.30434782608695654,0.4375,0.057142857142857134,0.047619047619047616,0.07142857142857142,0.34285714285714286,0.2857142857142857,0.42857142857142855,Isophonics,Isophonics_05 Somebody To Love
67,0.5660273828745789,2.1293441771999966,4.177172241000008,4.177172241000008,7.10776428604,0.3,0.3333333333333333,0.2727272727272727,0.5,0.5555555555555556,0.45454545454545453,0.125,0.14285714285714285,0.1111111111111111,0.375,0.42857142857142855,0.3333333333333333,Isophonics,Isophonics_05_-_And_I_Love_Her
68,0.5357938279961953,2.6797405550500066,2.889438507100003,3.377818267850003,3.866198028600003,0.24000000000000002,0.25,0.23076923076923078,0.5599999999999999,0.5833333333333334,0.5384615384615384,0.09523809523809525,0.1,0.09090909090909091,0.47619047619047616,0.5,0.45454545454545453,Isophonics,Isophonics_05_-_Andersrum
69,0.4872432404606817,6.166094009400002,1.4504362792999999,6.745562804999992,2.28151458549,0.21428571428571427,0.17647058823529413,0.2727272727272727,0.5714285714285714,0.47058823529411764,0.7272727272727273,0.08333333333333334,0.06666666666666667,0.1111111111111111,0.5,0.4,0.6666666666666666,Isophonics,Isophonics_05_-_Another_Girl
70,0.5357938279961953,3.279900695799995,2.591108642999984,4.372069823999993,3.279900695799995,0.16666666666666669,0.15384615384615385,0.18181818181818182,0.4999999999999999,0.46153846153846156,0.5454545454545454,0.0,0.0,0.0,0.39999999999999997,0.36363636363636365,0.4444444444444444,Isophonics,Isophonics_05_-_Boys
71,0.5832766800551465,2.29131367873,1.0741949272200002,2.90165655898,1.6679779663000005,0.26666666666666666,0.2,0.4,0.6666666666666666,0.5,1.0,0.0,0.0,0.0,0.5454545454545454,0.375,1.0,Isophonics,Isophonics_05_-_Dig_It
72,0.522381719890291,2.9263798474350025,1.2629603253949955,4.7655953063,2.9263798474350025,0.23076923076923075,0.21428571428571427,0.25,0.5384615384615384,0.5,0.5833333333333334,0.0909090909090909,0.08333333333333333,0.1,0.45454545454545453,0.4166666666666667,0.5,Isophonics,Isophonics_05_-_Fixing_A_Hole
73,0.49352328437657,3.7155156249999948,2.3106407469999937,3.746171142600005,2.316804199200007,0.26666666666666666,0.21052631578947367,0.36363636363636365,0.5333333333333333,0.42105263157894735,0.7272727272727273,0.15384615384615383,0.11764705882352941,0.2222222222222222,0.46153846153846156,0.35294117647058826,0.6666666666666666,Isophonics,"Isophonics_05_-_Here,_There_And_Everywhere"
74,0.5550932463340537,1.54247616959,0.9644903563999989,1.7416516724000033,1.54247616959,0.33333333333333337,0.3076923076923077,0.36363636363636365,0.6666666666666667,0.6153846153846154,0.7272727272727273,0.19999999999999998,0.18181818181818182,0.2222222222222222,0.6,0.5454545454545454,0.6666666666666666,Isophonics,Isophonics_05_-_I'll_Follow_the_Sun
75,0.502001619189632,1.775877014200006,0.9595514222499997,1.7949723509999984,1.474856874010003,0.13793103448275862,0.11764705882352941,0.16666666666666666,0.5517241379310345,0.47058823529411764,0.6666666666666666,0.0,0.0,0.0,0.48,0.4,0.6,Isophonics,Isophonics_05_-_Little_Child
76,0.5582234968034566,6.927038635000002,2.6020615844999924,12.344733825550001,4.06985273361,0.17391304347826086,0.14285714285714285,0.2222222222222222,0.43478260869565216,0.35714285714285715,0.5555555555555556,0.0,0.0,0.0,0.3157894736842105,0.25,0.42857142857142855,Isophonics,Isophonics_05_-_Octopus's_Garden
77,0.5266215085276709,2.826412536600003,2.5455839271800014,4.5854852295000015,2.8240464172500026,0.22222222222222224,0.2,0.25,0.5925925925925926,0.5333333333333333,0.6666666666666666,0.08695652173913043,0.07692307692307693,0.1,0.5217391304347826,0.46153846153846156,0.6,Isophonics,Isophonics_05_-_Think_For_Yourself
78,0.5660273828745789,1.6273559417699999,14.756036376999987,2.7258483889999923,15.528018012999999,0.33333333333333326,0.42857142857142855,0.2727272727272727,0.4444444444444444,0.5714285714285714,0.36363636363636365,0.14285714285714285,0.2,0.1111111111111111,0.2857142857142857,0.4,0.2222222222222222,Isophonics,Isophonics_05_-_Your_Mother_Should_Know
79,0.5856859176005343,1.832757357574045,0.7875055236500188,4.515218383500013,1.0732694287049993,0.31250000000000006,0.2777777777777778,0.35714285714285715,0.6250000000000001,0.5555555555555556,0.7142857142857143,0.28571428571428575,0.25,0.3333333333333333,0.5714285714285715,0.5,0.6666666666666666,Isophonics,Isophonics_06 Innuendo
80,0.5502800083248099,1.8812357139600002,2.4276161520199917,1.8914680179999834,16.805728395520003,0.28571428571428575,0.3333333333333333,0.25,0.5714285714285715,0.6666666666666666,0.5,0.11764705882352941,0.14285714285714285,0.1,0.47058823529411764,0.5714285714285714,0.4,Isophonics,Isophonics_06 Way Over Yonder
81,0.5502800083248099,4.371509399499999,6.929789001499998,6.929789001499998,7.879499999999993,0.0909090909090909,0.1,0.08333333333333333,0.45454545454545453,0.5,0.4166666666666667,0.0,0.0,0.0,0.33333333333333326,0.375,0.3,Isophonics,Isophonics_06 You Don't Fool Me
82,0.5502800083248099,2.0293276539559977,1.3731774900000175,2.9284240587949975,1.71047616959,0.08695652173913043,0.08333333333333333,0.09090909090909091,0.6086956521739131,0.5833333333333334,0.6363636363636364,0.0,0.0,0.0,0.5263157894736842,0.5,0.5555555555555556,Isophonics,Isophonics_06 You're My Best Friend
83,0.5266215085276709,3.552215636999989,2.0582463135899993,3.5876002810000074,2.8791894515899945,0.14814814814814814,0.13333333333333333,0.16666666666666666,0.4444444444444445,0.4,0.5,0.0,0.0,0.0,0.34782608695652173,0.3076923076923077,0.4,Isophonics,Isophonics_06_-_Ask_Me_Why
84,0.49821512321568356,2.1384310226350016,1.9017100522500066,3.5890603027500028,3.5890603027500028,0.3125,0.3125,0.3125,0.5625,0.5625,0.5625,0.21428571428571427,0.21428571428571427,0.21428571428571427,0.5,0.5,0.5,Isophonics,Isophonics_06_-_I_Am_The_Walrus
85,0.2611308661444031,17.057730347000003,0.9183496090000176,17.360717895700006,2.619990600600005,0.07407407407407407,0.04285714285714286,0.2727272727272727,0.2222222222222222,0.12857142857142856,0.8181818181818182,0.025974025974025972,0.014705882352941176,0.1111111111111111,0.1818181818181818,0.10294117647058823,0.7777777777777778,Isophonics,Isophonics_06_-_I_Want_You
86,0.48031841919803553,4.159136871299999,2.6035299070000235,4.291801024999984,4.159136871299999,0.11764705882352941,0.10526315789473684,0.13333333333333333,0.47058823529411764,0.42105263157894735,0.5333333333333333,0.0,0.0,0.0,0.4000000000000001,0.35294117647058826,0.46153846153846156,Isophonics,Isophonics_06_-_Let_It_Be
87,0.5711877115241565,1.9956085814999938,1.014615783700009,5.286034294199991,1.9340489500000047,0.1904761904761905,0.16666666666666666,0.2222222222222222,0.6666666666666666,0.5833333333333334,0.7777777777777778,0.0,0.0,0.0,0.588235294117647,0.5,0.7142857142857143,Isophonics,Isophonics_06_-_Mr._Moonlight
88,0.5266215085276709,1.592742553999983,1.421561400999991,3.6289689939999903,3.6289689939999903,0.21428571428571427,0.2,0.23076923076923078,0.5,0.4666666666666667,0.5384615384615384,0.08333333333333334,0.07692307692307693,0.09090909090909091,0.41666666666666663,0.38461538461538464,0.45454545454545453,Isophonics,Isophonics_06_-_She's_Leaving_Home
89,0.5295766780147033,1.4221082763499986,0.641840209999998,2.024459198149998,0.8410926509999967,0.2962962962962963,0.25,0.36363636363636365,0.7407407407407406,0.625,0.9090909090909091,0.17391304347826086,0.14285714285714285,0.2222222222222222,0.6956521739130435,0.5714285714285714,0.8888888888888888,Isophonics,Isophonics_06_-_Tell_Me_Why
90,0.5403026083468738,1.48003628349,1.9336606450000033,1.9328464360000055,1.9350165715000003,0.32,0.36363636363636365,0.2857142857142857,0.7200000000000001,0.8181818181818182,0.6428571428571429,0.1904761904761905,0.2222222222222222,0.16666666666666666,0.6666666666666666,0.7777777777777778,0.5833333333333334,Isophonics,Isophonics_06_-_The_Word
91,0.4803184191980354,6.825857421899997,0.7430678709999938,7.465181518999998,0.8822777710000054,0.25,0.21052631578947367,0.3076923076923077,0.5,0.42105263157894735,0.6153846153846154,0.14285714285714285,0.11764705882352941,0.18181818181818182,0.42857142857142855,0.35294117647058826,0.5454545454545454,Isophonics,Isophonics_06_-_Tigerfest
92,0.5502800083248099,3.9681542968999963,4.466965209949997,4.965776122999998,5.7148699197549995,0.16,0.15384615384615385,0.16666666666666666,0.4,0.38461538461538464,0.4166666666666667,0.0,0.0,0.0,0.28571428571428564,0.2727272727272727,0.3,Isophonics,Isophonics_06_-_Till_There_Was_You
93,0.43751719357382374,4.234711731000001,1.1028814089999912,4.243888183999999,1.43487526894,0.2222222222222222,0.16,0.36363636363636365,0.5555555555555556,0.4,0.9090909090909091,0.125,0.08695652173913043,0.2222222222222222,0.5,0.34782608695652173,0.8888888888888888,Isophonics,Isophonics_06_-_Yellow_Submarine
94,0.588835786364775,1.2252766199099998,0.9982988281000047,1.2656643069999802,1.2656643069999802,0.36363636363636365,0.36363636363636365,0.36363636363636365,0.7272727272727273,0.7272727272727273,0.7272727272727273,0.2222222222222222,0.2222222222222222,0.2222222222222222,0.6666666666666666,0.6666666666666666,0.6666666666666666,Isophonics,Isophonics_06_-_You're_Going_To_Lose_That_Girl
95,0.4768986742378572,3.519691070549996,2.2459548340000026,4.100188812249996,2.27775504112,0.06896551724137931,0.05555555555555555,0.09090909090909091,0.4827586206896552,0.3888888888888889,0.6363636363636364,0.0,0.0,0.0,0.39999999999999997,0.3125,0.5555555555555556,Isophonics,Isophonics_07 Don't Stop Me Now
96,0.5357938279961953,2.286754608199999,5.5483024899999975,5.5483024899999975,7.50469751,0.08333333333333334,0.09090909090909091,0.07692307692307693,0.4999999999999999,0.5454545454545454,0.46153846153846156,0.0,0.0,0.0,0.39999999999999997,0.4444444444444444,0.36363636363636365,Isophonics,Isophonics_07 Heaven For Everyone
97,0.5187140806365503,3.2729485320999974,2.1192864989999975,3.592536331350006,2.574954223999981,0.06451612903225808,0.05555555555555555,0.07692307692307693,0.5806451612903226,0.5,0.6923076923076923,0.0,0.0,0.0,0.5185185185185185,0.4375,0.6363636363636364,Isophonics,Isophonics_07 It's A Hard Life
98,0.44173772183566884,5.697473259200004,1.5228897703500053,5.768320335399997,2.585563018849996,0.19047619047619047,0.14285714285714285,0.2857142857142857,0.4285714285714286,0.32142857142857145,0.6428571428571429,0.10526315789473684,0.07692307692307693,0.16666666666666666,0.3684210526315789,0.2692307692307692,0.5833333333333334,Isophonics,Isophonics_07 You've Got A Friend
99,0.502001619189632,1.6419911498999937,2.82697460899999,1.854510131799998,6.894377196999983,0.26666666666666666,0.3076923076923077,0.23529411764705882,0.5999999999999999,0.6923076923076923,0.5294117647058824,0.15384615384615383,0.18181818181818182,0.13333333333333333,0.5384615384615385,0.6363636363636364,0.4666666666666667,Isophonics,Isophonics_07_-_Akne
100,0.5550932463340537,1.8958120120000217,1.0961043472300007,2.6872198486000016,1.8958120120000217,0.18181818181818185,0.15384615384615385,0.2222222222222222,0.6363636363636364,0.5384615384615384,0.7777777777777778,0.0,0.0,0.0,0.5555555555555556,0.45454545454545453,0.7142857142857143,Isophonics,Isophonics_07_-_Being_For_The_Benefit_Of_Mr._Kite!
101,0.5138959006151934,1.3336077842700003,0.47472735600000626,1.7851093827000017,0.8573656806700014,0.35714285714285715,0.3125,0.4166666666666667,0.7142857142857143,0.625,0.8333333333333334,0.25,0.21428571428571427,0.3,0.6666666666666666,0.5714285714285714,0.8,Isophonics,Isophonics_07_-_Can't_Buy_Me_Love
102,0.4671135540195007,3.0586656490000053,1.7183726196000038,4.087048217999978,1.91287526894,0.18749999999999997,0.15789473684210525,0.23076923076923078,0.5625,0.47368421052631576,0.6923076923076923,0.07142857142857142,0.058823529411764705,0.09090909090909091,0.5,0.4117647058823529,0.6363636363636364,Isophonics,Isophonics_07_-_Hello_Goodbye
103,0.5357938279961953,1.97199549675,5.0329613647,5.0329613647,5.713682693500001,0.16666666666666669,0.18181818181818182,0.15384615384615385,0.4999999999999999,0.5454545454545454,0.46153846153846156,0.0,0.0,0.0,0.39999999999999997,0.4444444444444444,0.36363636363636365,Isophonics,Isophonics_07_-_Here_Comes_The_Sun
104,0.535495289456252,4.633085479500004,2.4019642940000097,5.063834930200009,4.316265685999994,0.2962962962962963,0.25,0.36363636363636365,0.4444444444444444,0.375,0.5454545454545454,0.17391304347826086,0.14285714285714285,0.2222222222222222,0.34782608695652173,0.2857142857142857,0.4444444444444444,Isophonics,"Isophonics_07_-_Kansas_City-_Hey,_Hey,_Hey,_Hey"
105,0.6478279390863703,0.7654268341000012,0.345,1.14107707024,1.14107707024,0.42857142857142855,0.42857142857142855,0.42857142857142855,0.8571428571428571,0.8571428571428571,0.8571428571428571,0.20000000000000004,0.2,0.2,0.8000000000000002,0.8,0.8,Isophonics,Isophonics_07_-_Maggie_Mae
106,0.5223817198902911,4.0955982132000015,4.0955982132000015,4.269448982450004,4.269448982450004,0.14285714285714285,0.14285714285714285,0.14285714285714285,0.35714285714285715,0.35714285714285715,0.35714285714285715,0.0,0.0,0.0,0.25,0.25,0.25,Isophonics,Isophonics_07_-_Michelle
107,0.5403026083468738,2.9662468570000016,2.9662468570000016,3.4481767045000016,3.4481767045000016,0.14285714285714285,0.14285714285714285,0.14285714285714285,0.5,0.5,0.5,0.0,0.0,0.0,0.4166666666666667,0.4166666666666667,0.4166666666666667,Isophonics,Isophonics_07_-_Please_Mister_Postman
108,0.6023448934339364,2.0147982176000028,1.9905196530000069,2.182146911599993,2.0390767821999987,0.3157894736842105,0.3,0.3333333333333333,0.7368421052631577,0.7,0.7777777777777778,0.13333333333333333,0.125,0.14285714285714285,0.6666666666666666,0.625,0.7142857142857143,Isophonics,Isophonics_07_-_Please_Please_Me
109,0.4803184191980354,1.8443900833099995,0.433,3.2485177002000007,1.1486587218999986,0.3333333333333333,0.2631578947368421,0.45454545454545453,0.6,0.47368421052631576,0.8181818181818182,0.23076923076923078,0.17647058823529413,0.3333333333333333,0.5384615384615384,0.4117647058823529,0.7777777777777778,Isophonics,Isophonics_07_-_She_Said_She_Said
110,0.5761443852600393,2.2328901568399964,0.9408632809999915,3.4601357419999914,1.5869160556800002,0.23999999999999996,0.21428571428571427,0.2727272727272727,0.56,0.5,0.6363636363636364,0.09523809523809525,0.08333333333333333,0.1111111111111111,0.4761904761904762,0.4166666666666667,0.5555555555555556,Isophonics,Isophonics_07_-_Ticket_To_Ride
111,0.49821512321568356,5.461490968819991,5.009353759999982,6.193634767319995,6.553885742000006,0.13793103448275862,0.125,0.15384615384615385,0.41379310344827586,0.375,0.46153846153846156,0.08,0.07142857142857142,0.09090909090909091,0.32,0.2857142857142857,0.36363636363636365,Isophonics,Isophonics_08 Breakthru
112,0.4728949037454486,4.405874634000014,2.559788147000006,5.781596679700002,2.941379791000003,0.12121212121212123,0.09523809523809523,0.16666666666666666,0.4848484848484849,0.38095238095238093,0.6666666666666666,0.06896551724137931,0.05263157894736842,0.1,0.41379310344827586,0.3157894736842105,0.6,Isophonics,Isophonics_08 Las Palabras De Amor
113,0.48291970469828316,4.023097228999994,0.7253178709999872,5.383047153475001,1.1427165060000002,0.20689655172413793,0.15,0.3333333333333333,0.6206896551724138,0.45,1.0,0.16,0.1111111111111111,0.2857142857142857,0.56,0.3888888888888889,1.0,Isophonics,Isophonics_08 Save Me
114,0.48291970469828316,2.8606917722999974,0.5978905677999995,3.6704019165000012,1.1710628354500017,0.25,0.2,0.3333333333333333,0.625,0.5,0.8333333333333334,0.14285714285714285,0.1111111111111111,0.2,0.5714285714285714,0.4444444444444444,0.8,Isophonics,Isophonics_08 Where You Lead
115,0.46094764477439354,4.562575561499997,1.7960306777750001,4.935962402299992,2.3601413042249955,0.12121212121212123,0.09523809523809523,0.16666666666666666,0.4848484848484849,0.38095238095238093,0.6666666666666666,0.0,0.0,0.0,0.41379310344827586,0.3157894736842105,0.6,Isophonics,Isophonics_08_-_Act_Naturally
116,0.5832766800551464,1.37286420655,2.015118286099998,1.705637339099999,2.0203860474000006,0.28571428571428564,0.3,0.2727272727272727,0.761904761904762,0.8,0.7272727272727273,0.11764705882352941,0.125,0.1111111111111111,0.7058823529411765,0.75,0.6666666666666666,Isophonics,Isophonics_08_-_Any_Time_At_All
117,0.5295766780147033,3.9479115599999943,1.3841729277999981,4.984835067749994,2.882242825469997,0.14285714285714288,0.125,0.16666666666666666,0.5714285714285715,0.5,0.6666666666666666,0.0,0.0,0.0,0.5,0.42857142857142855,0.6,Isophonics,Isophonics_08_-_Because
118,0.5550932463340537,2.5497558590000153,1.8114094240000043,2.867467590299995,2.844178711000012,0.33333333333333337,0.3076923076923077,0.36363636363636365,0.5833333333333334,0.5384615384615384,0.6363636363636364,0.19999999999999998,0.18181818181818182,0.2222222222222222,0.5,0.45454545454545453,0.5555555555555556,Isophonics,Isophonics_08_-_Blass
119,0.5660273828745789,2.519117614999999,2.835400634999985,3.2719087372999915,3.708416839599998,0.1904761904761905,0.2,0.18181818181818182,0.5714285714285713,0.6,0.5454545454545454,0.0,0.0,0.0,0.47058823529411764,0.5,0.4444444444444444,Isophonics,Isophonics_08_-_Eight_Days_a_Week
120,0.5357938279961953,3.4388466799999975,4.074984558099999,4.074984558099999,4.092408782999996,0.24999999999999994,0.2727272727272727,0.23076923076923078,0.41666666666666663,0.45454545454545453,0.38461538461538464,0.09999999999999999,0.1111111111111111,0.09090909090909091,0.3,0.3333333333333333,0.2727272727272727,Isophonics,Isophonics_08_-_Good_Day_Sunshine
121,0.5098953459681936,1.4986330570000064,0.9701414795000005,2.2621581420999988,1.3336335449999979,0.22222222222222224,0.2,0.25,0.6666666666666665,0.6,0.75,0.08695652173913043,0.07692307692307693,0.1,0.608695652173913,0.5384615384615384,0.7,Isophonics,Isophonics_08_-_I've_Got_A_Feeling
122,0.5403026083468738,3.2640405578499987,2.8222193298499967,3.6357967834,3.217172210699996,0.16666666666666666,0.14285714285714285,0.2,0.41666666666666663,0.35714285714285715,0.5,0.0,0.0,0.0,0.3,0.25,0.375,Isophonics,Isophonics_08_-_Love_Me_Do
123,0.5502800083248099,1.8641890869999997,3.267914154000003,1.9010803219999843,4.735457214500002,0.32,0.3076923076923077,0.3333333333333333,0.48000000000000004,0.46153846153846156,0.5,0.1904761904761905,0.18181818181818182,0.2,0.380952380952381,0.36363636363636365,0.4,Isophonics,Isophonics_08_-_Roll_Over_Beethoven
124,0.4768986742378572,5.1578399049499914,3.1626202810999917,5.638556548949996,4.209860241099998,0.13333333333333333,0.1111111111111111,0.16666666666666666,0.4,0.3333333333333333,0.5,0.0,0.0,0.0,0.3076923076923077,0.25,0.4,Isophonics,Isophonics_08_-_Strawberry_Fields_Forever
125,0.5550932463340537,2.13663481331,1.7027658080000023,3.831216063999989,2.9459999999999997,0.24000000000000002,0.23076923076923078,0.25,0.5599999999999999,0.5384615384615384,0.5833333333333334,0.09523809523809525,0.09090909090909091,0.1,0.47619047619047616,0.45454545454545453,0.5,Isophonics,Isophonics_08_-_What_Goes_On
126,0.5502800083248099,4.716882888899978,4.247662841999954,5.567285842899995,5.186102935800001,0.2608695652173913,0.25,0.2727272727272727,0.43478260869565216,0.4166666666666667,0.45454545454545453,0.10526315789473685,0.1,0.1111111111111111,0.3157894736842105,0.3,0.3333333333333333,Isophonics,Isophonics_08_-_Within_You_Without_You
127,0.5223817198902911,1.8873899576912985,1.101576538099998,5.433471679500002,1.4397844505300004,0.08,0.07142857142857142,0.09090909090909091,0.64,0.5714285714285714,0.7272727272727273,0.0,0.0,0.0,0.5714285714285715,0.5,0.6666666666666666,Isophonics,Isophonics_09 Crazy Little Thing Called Love
128,0.49821512321568356,2.213673321496593,5.670889533799999,3.7558563307999986,11.258172363,0.07692307692307693,0.1,0.0625,0.4615384615384615,0.6,0.375,0.0,0.0,0.0,0.36363636363636365,0.5,0.2857142857142857,Isophonics,Isophonics_09 Driven By You
129,0.46094764477439354,7.967643600499999,2.4287669678000015,8.196438201900005,2.5544010314999994,0.058823529411764705,0.047619047619047616,0.07692307692307693,0.47058823529411764,0.38095238095238093,0.6153846153846154,0.0,0.0,0.0,0.39999999999999997,0.3157894736842105,0.5454545454545454,Isophonics,Isophonics_09 Who Wants To Live Forever
130,0.47059493648845635,6.046907684200001,0.8616895676,6.353471832199993,1.9636342540000027,0.2222222222222222,0.16666666666666666,0.3333333333333333,0.4444444444444444,0.3333333333333333,0.6666666666666666,0.12500000000000003,0.09090909090909091,0.2,0.37499999999999994,0.2727272727272727,0.6,Isophonics,Isophonics_09 Will You Love Me Tomorrow
131,0.5502800083248099,1.6874200439999925,2.004750701949998,2.322081359900004,2.3390504454500025,0.2608695652173913,0.2727272727272727,0.25,0.6956521739130435,0.7272727272727273,0.6666666666666666,0.10526315789473685,0.1111111111111111,0.1,0.631578947368421,0.6666666666666666,0.6,Isophonics,Isophonics_09_-_And_Your_Bird_Can_Sing
132,0.5357938279961953,1.2771982269500004,1.053,1.5709381256500006,1.2225556106600002,0.12903225806451615,0.1111111111111111,0.15384615384615385,0.7741935483870968,0.6666666666666666,0.9230769230769231,0.0,0.0,0.0,0.7407407407407406,0.625,0.9090909090909091,Isophonics,Isophonics_09_-_Girl
133,0.5502800083248099,4.377031799450002,2.1381632661800003,5.779586486950002,3.0092342529000007,0.2608695652173913,0.25,0.2727272727272727,0.43478260869565216,0.4166666666666667,0.45454545454545453,0.10526315789473685,0.1,0.1111111111111111,0.3157894736842105,0.3,0.3333333333333333,Isophonics,Isophonics_09_-_Hold_Me_Tight
134,0.5223817198902911,3.381444442700003,0.46625036600000047,4.708044441199998,1.4812804250450002,0.41666666666666663,0.35714285714285715,0.5,0.5,0.42857142857142855,0.6,0.3,0.25,0.375,0.4,0.3333333333333333,0.5,Isophonics,Isophonics_09_-_I'll_Cry_Instead
135,0.5660273828745789,2.2478680420000003,1.3346926270000097,3.2300092770000077,2.2478680420000003,0.3,0.2727272727272727,0.3333333333333333,0.6,0.5454545454545454,0.6666666666666666,0.125,0.1111111111111111,0.14285714285714285,0.5,0.4444444444444444,0.5714285714285714,Isophonics,Isophonics_09_-_It's_Only_Love
136,0.5098953459681936,2.182477417000001,2.0604589844000003,2.2060740969999983,2.1942757569999998,0.19354838709677422,0.2,0.1875,0.6451612903225806,0.6666666666666666,0.625,0.07407407407407408,0.07692307692307693,0.07142857142857142,0.5925925925925927,0.6153846153846154,0.5714285714285714,Isophonics,Isophonics_09_-_Mr_Morgan
137,0.4768986742378572,3.1027807922500035,1.8785169985499905,3.9783821258499987,2.4409394534999933,0.13333333333333333,0.1111111111111111,0.16666666666666666,0.6,0.5,0.75,0.0,0.0,0.0,0.5384615384615384,0.4375,0.7,Isophonics,Isophonics_09_-_One_After_909
138,0.5660273828745789,1.8376321716500001,1.9310700073000078,2.387957466100003,2.8448449248999985,0.17391304347826086,0.16666666666666666,0.18181818181818182,0.6956521739130435,0.6666666666666666,0.7272727272727273,0.0,0.0,0.0,0.631578947368421,0.6,0.6666666666666666,Isophonics,Isophonics_09_-_P._S._I_Love_You
139,0.5357938279961953,3.127140259000015,2.271783935500004,3.2297873539999955,3.127140259000015,0.21428571428571427,0.2,0.23076923076923078,0.5,0.4666666666666667,0.5384615384615384,0.08333333333333334,0.07692307692307693,0.09090909090909091,0.41666666666666663,0.38461538461538464,0.45454545454545453,Isophonics,Isophonics_09_-_Penny_Lane
140,0.5550932463340537,1.7241988530000043,0.8647829893500045,1.7248493652000008,1.7191613311500014,0.17391304347826086,0.15384615384615385,0.2,0.6956521739130435,0.6153846153846154,0.8,0.0,0.0,0.0,0.631578947368421,0.5454545454545454,0.75,Isophonics,Isophonics_09_-_When_I'm_Sixty-Four
141,0.6083659238943623,3.8325280152999994,5.407374450699997,5.407374450699997,5.917941253449996,0.20000000000000004,0.2,0.2,0.4000000000000001,0.4,0.4,0.0,0.0,0.0,0.25,0.25,0.25,Isophonics,Isophonics_09_-_Words_of_Love
142,0.5357938279961953,3.8564471439999863,3.2620112914999986,4.302741210899995,3.8564471439999863,0.07142857142857144,0.06666666666666667,0.07692307692307693,0.28571428571428575,0.26666666666666666,0.3076923076923077,0.0,0.0,0.0,0.16666666666666669,0.15384615384615385,0.18181818181818182,Isophonics,Isophonics_09_-_You_Never_Give_Me_Your_Money
143,0.4671135540195007,2.9504041748000027,1.7223460693000021,3.443133544999995,2.0910725100000036,0.19999999999999998,0.15789473684210525,0.2727272727272727,0.5333333333333333,0.42105263157894735,0.7272727272727273,0.07692307692307691,0.058823529411764705,0.1111111111111111,0.46153846153846156,0.35294117647058826,0.6666666666666666,Isophonics,Isophonics_1-01 I Want You Back
144,0.5550932463340537,3.5599294434000086,1.1882036129999989,4.328871459999988,3.27312473106,0.24999999999999994,0.23076923076923078,0.2727272727272727,0.4999999999999999,0.46153846153846156,0.5454545454545454,0.09999999999999999,0.09090909090909091,0.1111111111111111,0.39999999999999997,0.36363636363636365,0.4444444444444444,Isophonics,Isophonics_1-02 ABC
145,0.46094764477439354,0.5829190034160945,6.293817810100009,1.4994177895749992,7.518279906999993,0.3225806451612903,0.5,0.23809523809523808,0.5161290322580645,0.8,0.38095238095238093,0.22222222222222218,0.375,0.15789473684210525,0.44444444444444436,0.75,0.3157894736842105,Isophonics,Isophonics_1-03 The Love You Save
146,0.46094764477439354,1.7517561951000005,0.37606975545000054,2.2649594421400003,0.656279113999986,0.36363636363636365,0.2857142857142857,0.5,0.6666666666666667,0.5238095238095238,0.9166666666666666,0.27586206896551724,0.21052631578947367,0.4,0.6206896551724138,0.47368421052631576,0.9,Isophonics,Isophonics_1-04 Got To Be There (Single Version)
147,0.5138959006151934,1.3236293945000028,1.276582191450002,1.5876328120000096,1.7624921567500067,0.38709677419354843,0.4,0.375,0.8387096774193549,0.8666666666666667,0.8125,0.29629629629629634,0.3076923076923077,0.2857142857142857,0.8148148148148148,0.8461538461538461,0.7857142857142857,Isophonics,Isophonics_1-05 Rockin' Robin
148,0.5502800083248099,2.3702382355000005,1.9381404113999992,3.2392302856500006,2.8023360596000018,0.2608695652173913,0.25,0.2727272727272727,0.6086956521739131,0.5833333333333334,0.6363636363636364,0.10526315789473685,0.1,0.1111111111111111,0.5263157894736842,0.5,0.5555555555555556,Isophonics,Isophonics_1-06 Ben (Single Version)
149,0.49083714303742154,2.1049979247999957,2.1029629363999973,2.154193114999998,2.162065994399999,0.10810810810810811,0.10526315789473684,0.1111111111111111,0.7567567567567567,0.7368421052631579,0.7777777777777778,0.0,0.0,0.0,0.7272727272727272,0.7058823529411765,0.75,Isophonics,Isophonics_1-07 Blame It On The Boogie
150,0.49821512321568356,4.070360534499997,4.058864349549999,4.077376892000004,4.067288116500002,0.11111111111111112,0.1,0.125,0.22222222222222224,0.2,0.25,0.0,0.0,0.0,0.125,0.1111111111111111,0.14285714285714285,Isophonics,Isophonics_1-08 Shake Your Body (Down To The Ground) (Single Edit)
151,0.4768986742378572,2.947141525300001,4.472028381450002,3.5242576599000017,4.668829162449995,0.1875,0.21428571428571427,0.16666666666666666,0.375,0.42857142857142855,0.3333333333333333,0.07142857142857144,0.08333333333333333,0.0625,0.28571428571428575,0.3333333333333333,0.25,Isophonics,Isophonics_1-09 Don't Stop 'Til You Get Enough (2003 Edit)
152,0.5138959006151934,2.01911548615,2.026900757,2.518107299999997,3.1555773470500093,0.20689655172413793,0.23076923076923078,0.1875,0.6206896551724138,0.6923076923076923,0.5625,0.08,0.09090909090909091,0.07142857142857142,0.56,0.6363636363636364,0.5,Isophonics,Isophonics_1-10 Off The Wall (Single Version)
153,0.526621508527671,1.0795321655000052,1.0795321655000052,2.0700097659999983,7.318641357000004,0.23076923076923075,0.2727272727272727,0.2,0.6153846153846153,0.7272727272727273,0.5333333333333333,0.09090909090909093,0.1111111111111111,0.07692307692307693,0.5454545454545455,0.6666666666666666,0.46153846153846156,Isophonics,Isophonics_1-11 Rock With You (Single Version)
154,0.4872432404606817,5.468870239300003,0.8273583373999998,5.63430828094,1.12963718414,0.23076923076923078,0.17647058823529413,0.3333333333333333,0.5384615384615384,0.4117647058823529,0.7777777777777778,0.09090909090909091,0.06666666666666667,0.14285714285714285,0.4545454545454545,0.3333333333333333,0.7142857142857143,Isophonics,Isophonics_1-12 She's Out Of My Life (Single Version)
155,0.48028701777574984,3.75221569819999,1.3427097505668826,3.796240173299992,1.9367658689999985,0.10526315789473685,0.08695652173913043,0.13333333333333333,0.5789473684210527,0.4782608695652174,0.7333333333333333,0.0,0.0,0.0,0.5294117647058824,0.42857142857142855,0.6923076923076923,Isophonics,Isophonics_1-13 Can You Feel It (Single Version)
156,0.5223817198902911,4.793384155000005,6.273846313649997,5.545213256649994,7.722940979200004,0.16666666666666666,0.2,0.14285714285714285,0.3333333333333333,0.4,0.2857142857142857,0.0,0.0,0.0,0.2,0.25,0.16666666666666666,Isophonics,Isophonics_1-14 The Girl Is Mine
157,0.49821512321568356,2.1099658199999567,5.134497924800003,2.12123571396,10.254931640699995,0.16,0.2222222222222222,0.125,0.4800000000000001,0.6666666666666666,0.375,0.0,0.0,0.0,0.38095238095238093,0.5714285714285714,0.2857142857142857,Isophonics,Isophonics_1-15 Billie Jean
158,0.4872432404606817,1.7811563921,5.798205077999995,2.3589384770000095,8.056794921999995,0.14285714285714285,0.18181818181818182,0.11764705882352941,0.5,0.6363636363636364,0.4117647058823529,0.0,0.0,0.0,0.4166666666666667,0.5555555555555556,0.3333333333333333,Isophonics,Isophonics_1-16 Beat It
159,0.522381719890291,5.8978691099,7.431136497500001,6.806091461199998,7.856999999999999,0.15384615384615383,0.16666666666666666,0.14285714285714285,0.3846153846153846,0.4166666666666667,0.35714285714285715,0.0,0.0,0.0,0.2727272727272727,0.3,0.25,Isophonics,Isophonics_1-17 Wanna Be Startin' Somethin' (Single Version)
160,0.49083714303742154,2.613844683645,1.7983527817690543,3.5865647878450013,2.613844683645,0.1875,0.16666666666666666,0.21428571428571427,0.5625000000000001,0.5,0.6428571428571429,0.07142857142857144,0.0625,0.08333333333333333,0.5,0.4375,0.5833333333333334,Isophonics,Isophonics_1-18 Human Nature
161,0.49821512321568356,2.8373495787500005,2.8373495787500005,3.3148050534999953,3.3148050534999953,0.19999999999999998,0.1875,0.21428571428571427,0.5333333333333333,0.5,0.5714285714285714,0.07692307692307691,0.07142857142857142,0.08333333333333333,0.4615384615384615,0.42857142857142855,0.5,Isophonics,Isophonics_1-19 P.Y.T. (Pretty Young Thing)
162,0.46094764477439354,4.788248107899989,2.4117366329999896,5.4793861084,3.306907959,0.11764705882352941,0.09523809523809523,0.15384615384615385,0.35294117647058826,0.2857142857142857,0.46153846153846156,0.0,0.0,0.0,0.26666666666666666,0.21052631578947367,0.36363636363636365,Isophonics,Isophonics_1-20 I Just Can't Stop Loving You
163,0.502001619189632,2.5343352049999908,2.570815673999988,2.570815673999988,6.614707764000002,0.18750000000000003,0.2,0.17647058823529413,0.5625,0.6,0.5294117647058824,0.07142857142857144,0.07692307692307693,0.06666666666666667,0.5,0.5384615384615384,0.4666666666666667,Isophonics,Isophonics_1-21 Thriller (Single Version)
164,0.46094764477439354,3.0188315430000046,2.3946397590500013,3.0243221439999957,2.914807373050003,0.1081081081081081,0.09523809523809523,0.125,0.4864864864864864,0.42857142857142855,0.5625,0.06060606060606061,0.05263157894736842,0.07142857142857142,0.4242424242424242,0.3684210526315789,0.5,Isophonics,Isophonics_10 Headlong
165,0.5223817198902911,1.7813302421500004,0.9860914919999999,1.7813302421500004,1.7813302421500004,0.35714285714285715,0.35714285714285715,0.35714285714285715,0.7142857142857143,0.7142857142857143,0.7142857142857143,0.3333333333333333,0.3333333333333333,0.3333333333333333,0.6666666666666666,0.6666666666666666,0.6666666666666666,Isophonics,Isophonics_10 Living On My Own
166,0.4872432404606817,3.578077087500006,3.66012768600001,3.750805176,4.970181159999999,0.24242424242424243,0.25,0.23529411764705882,0.3636363636363636,0.375,0.35294117647058826,0.1379310344827586,0.14285714285714285,0.13333333333333333,0.2758620689655172,0.2857142857142857,0.26666666666666666,Isophonics,Isophonics_10 Smackwater Jack
167,0.46338956716869606,3.355997619500002,1.265782104349995,3.5275715940000083,2.1367279660000094,0.2222222222222222,0.18181818181818182,0.2857142857142857,0.5000000000000001,0.4090909090909091,0.6428571428571429,0.18749999999999997,0.15,0.25,0.4375,0.35,0.5833333333333334,Isophonics,Isophonics_10 Somebody To Love
168,0.5502800083248099,6.939567169149996,2.617571929900002,7.990097137649997,3.0397468259999982,0.2105263157894737,0.16666666666666666,0.2857142857142857,0.4210526315789474,0.3333333333333333,0.5714285714285714,0.0,0.0,0.0,0.26666666666666666,0.2,0.4,Isophonics,Isophonics_10_-_Baby_It's_You
169,0.43751719357382374,6.8094676208,1.6256170041499942,7.175066772000008,3.1270978214699934,0.11428571428571428,0.08,0.2,0.34285714285714286,0.24,0.6,0.0,0.0,0.0,0.25806451612903225,0.17391304347826086,0.5,Isophonics,Isophonics_10_-_Baby_You're_A_Rich_Man
170,0.5502800083248099,2.2635490719999893,4.038925414999994,3.822562560999998,4.449801254249994,0.17391304347826086,0.18181818181818182,0.16666666666666666,0.43478260869565216,0.45454545454545453,0.4166666666666667,0.0,0.0,0.0,0.3157894736842105,0.3333333333333333,0.3,Isophonics,Isophonics_10_-_For_No_One
171,0.4475528911095101,2.4033088531000004,1.033186523000012,2.438432007000003,1.6821318435699997,0.25,0.2,0.3333333333333333,0.65,0.52,0.8666666666666667,0.16666666666666669,0.13043478260869565,0.23076923076923078,0.6111111111111112,0.4782608695652174,0.8461538461538461,Isophonics,Isophonics_10_-_Honey_Don't
172,0.49821512321568356,2.0183659267599983,0.44567041014999564,2.231640096610001,1.2001817130249983,0.38461538461538464,0.3125,0.5,0.6153846153846154,0.5,0.8,0.2727272727272727,0.21428571428571427,0.375,0.5454545454545454,0.42857142857142855,0.75,Isophonics,Isophonics_10_-_I'm_Looking_Through_You
173,0.4768986742378572,3.0072390137000014,3.5708279035500023,3.5174207001000006,7.501199462699997,0.17142857142857143,0.17647058823529413,0.16666666666666666,0.45714285714285713,0.47058823529411764,0.4444444444444444,0.06451612903225808,0.06666666666666667,0.0625,0.38709677419354843,0.4,0.375,Isophonics,Isophonics_10_-_Liebesleid
174,0.5502800083248099,1.4911328124999983,1.3641480712499927,2.176262145999999,1.8336974792499987,0.24000000000000002,0.23076923076923078,0.25,0.64,0.6153846153846154,0.6666666666666666,0.09523809523809525,0.09090909090909091,0.1,0.5714285714285713,0.5454545454545454,0.6,Isophonics,Isophonics_10_-_Lovely_Rita
175,0.6023448934339364,3.150203552000008,3.9889584351000025,5.521544891399998,4.746573486000003,0.25,0.2222222222222222,0.2857142857142857,0.25,0.2222222222222222,0.2857142857142857,0.0,0.0,0.0,0.0,0.0,0.0,Isophonics,Isophonics_10_-_Sun_King
176,0.5167599979185826,8.973664795000005,4.418263244850003,9.06899353,6.709528198500003,0.14814814814814817,0.11764705882352941,0.2,0.29629629629629634,0.23529411764705882,0.4,0.0,0.0,0.0,0.1739130434782609,0.13333333333333333,0.25,Isophonics,Isophonics_10_-_The_Long_and_Winding_Road
177,0.5660273828745789,2.276460448999984,2.1654036025999996,4.341753051799998,2.276460448999984,0.18181818181818182,0.18181818181818182,0.18181818181818182,0.5454545454545454,0.5454545454545454,0.5454545454545454,0.0,0.0,0.0,0.4444444444444444,0.4444444444444444,0.4444444444444444,Isophonics,Isophonics_10_-_Things_We_Said_Today
178,0.5502800083248099,1.9005669784449994,1.3581804657999896,3.5065207901449966,3.5065207901449966,0.25,0.25,0.25,0.5833333333333334,0.5833333333333334,0.5833333333333334,0.10000000000000002,0.1,0.1,0.5,0.5,0.5,Isophonics,Isophonics_10_-_You_Like_Me_Too_Much
179,0.4457414923280774,3.854280731000003,1.54469555659999,4.73701159649999,1.579825317000001,0.10256410256410255,0.08333333333333333,0.13333333333333333,0.5641025641025641,0.4583333333333333,0.7333333333333333,0.0,0.0,0.0,0.5142857142857142,0.4090909090909091,0.6923076923076923,Isophonics,Isophonics_10_-_You_Really_Got_A_Hold_On_Me
180,0.4914835925748466,6.046593505899999,1.1677328949000056,6.9390205687999895,1.674123065950001,0.20512820512820512,0.16,0.2857142857142857,0.4615384615384615,0.36,0.6428571428571429,0.1714285714285714,0.13043478260869565,0.25,0.4,0.30434782608695654,0.5833333333333334,Isophonics,Isophonics_11 Let Me Live
181,0.5098953459681937,5.424627563000001,5.524735585450001,7.581031371999998,6.044376454949996,0.1379310344827586,0.13333333333333333,0.14285714285714285,0.3448275862068965,0.3333333333333333,0.35714285714285715,0.08,0.07692307692307693,0.08333333333333333,0.24000000000000002,0.23076923076923078,0.25,Isophonics,Isophonics_11 Now I'm Here
182,0.6202530792244967,0.7692773439999883,0.7692773439999883,1.91335594177,3.621769103999995,0.39999999999999997,0.4444444444444444,0.36363636363636365,0.6,0.6666666666666666,0.5454545454545454,0.25,0.2857142857142857,0.2222222222222222,0.5,0.5714285714285714,0.4444444444444444,Isophonics,Isophonics_11 Tapestry
183,0.41999731796904544,7.151748657500001,1.8560074462999978,7.227101913649998,2.20487526894,0.10256410256410257,0.07692307692307693,0.15384615384615385,0.4102564102564103,0.3076923076923077,0.6153846153846154,0.05714285714285715,0.041666666666666664,0.09090909090909091,0.34285714285714286,0.25,0.5454545454545454,Isophonics,Isophonics_11 The Miracle
184,0.4199973179690453,7.415647705000005,2.930483734100001,7.605626220750004,5.899550109900005,0.15384615384615388,0.11538461538461539,0.23076923076923078,0.3589743589743589,0.2692307692307692,0.5384615384615384,0.05714285714285715,0.041666666666666664,0.09090909090909091,0.28571428571428575,0.20833333333333334,0.45454545454545453,Isophonics,Isophonics_11_-_All_You_Need_Is_Love
185,0.6023448934339364,1.2532766199099998,1.2453294679999942,2.3922245559999986,2.3922245559999986,0.3333333333333333,0.3333333333333333,0.3333333333333333,0.6666666666666666,0.6666666666666666,0.6666666666666666,0.14285714285714285,0.14285714285714285,0.14285714285714285,0.5714285714285714,0.5714285714285714,0.5714285714285714,Isophonics,Isophonics_11_-_Do_You_Want_To_Know_A_Secret
186,0.5582234968034565,1.88108137505,1.4335564575000106,2.2530625762999943,1.88108137505,0.25,0.21428571428571427,0.3,0.75,0.6428571428571429,0.9,0.1,0.08333333333333333,0.125,0.7000000000000001,0.5833333333333334,0.875,Isophonics,Isophonics_11_-_Doctor_Robert
187,0.5550932463340537,1.979782348599997,1.979782348599997,1.9968226471000001,1.9968226471000001,0.24999999999999994,0.2727272727272727,0.23076923076923078,0.8333333333333333,0.9090909090909091,0.7692307692307693,0.09999999999999999,0.1111111111111111,0.09090909090909091,0.7999999999999999,0.8888888888888888,0.7272727272727273,Isophonics,Isophonics_11_-_Every_Little_Thing
188,0.5582234968034566,3.692966278,1.58897363305001,4.137847106900004,2.757209320049995,0.25,0.21428571428571427,0.3,0.5,0.42857142857142855,0.6,0.1,0.08333333333333333,0.125,0.4,0.3333333333333333,0.5,Isophonics,Isophonics_11_-_For_You_Blue
189,0.5098953459681937,3.225548583999995,2.3515930176499964,5.555492050169999,3.4542086792499944,0.24,0.2,0.3,0.48,0.4,0.6,0.09523809523809525,0.07692307692307693,0.125,0.380952380952381,0.3076923076923077,0.5,Isophonics,Isophonics_11_-_Good_Morning_Good_Morning
190,0.5295766780147033,1.932886517520001,0.6126182555999975,2.234458569469999,1.8718977661000018,0.14814814814814814,0.125,0.18181818181818182,0.8148148148148148,0.6875,1.0,0.0,0.0,0.0,0.782608695652174,0.6428571428571429,1.0,Isophonics,Isophonics_11_-_I_Wanna_Be_Your_Man
191,0.5663870191842773,2.113016128550001,2.1307991332999983,2.123814926149999,3.1416169434000096,0.3448275862068965,0.35714285714285715,0.3333333333333333,0.5517241379310344,0.5714285714285714,0.5333333333333333,0.24000000000000002,0.25,0.23076923076923078,0.48000000000000004,0.5,0.46153846153846156,Isophonics,Isophonics_11_-_Ich_Kann_Heute_Nicht
192,0.5266215085276709,3.4988208620000023,2.249209197999999,3.988033019999996,4.025649505599997,0.2962962962962963,0.26666666666666666,0.3333333333333333,0.4444444444444445,0.4,0.5,0.17391304347826086,0.15384615384615385,0.2,0.34782608695652173,0.3076923076923077,0.4,Isophonics,Isophonics_11_-_In_My_Life
193,0.6083659238943623,7.8862045059,0.07189340039228886,12.9256683655,2.8365977473000004,0.4285714285714285,0.3,0.75,0.4285714285714285,0.3,0.75,0.2,0.125,0.5,0.2,0.125,0.5,Isophonics,Isophonics_11_-_Mean_Mr_Mustard
194,0.5223817198902911,2.7246768493500007,2.2235238304100005,3.2051719664500027,2.7197132567999986,0.16,0.14285714285714285,0.18181818181818182,0.56,0.5,0.6363636363636364,0.0,0.0,0.0,0.4761904761904762,0.4166666666666667,0.5555555555555556,Isophonics,Isophonics_11_-_Tell_Me_What_You_See
195,0.5600738336466253,2.7281331789999967,1.7570450898499992,2.8449231872999974,2.7149235688500006,0.2962962962962963,0.26666666666666666,0.3333333333333333,0.7407407407407408,0.6666666666666666,0.8333333333333334,0.17391304347826086,0.15384615384615385,0.2,0.6956521739130435,0.6153846153846154,0.8,Isophonics,Isophonics_11_-_When_I_Get_Home
196,0.5502800083248099,2.510840183274999,3.5800287323000006,3.5800287323000006,4.153044296099999,0.2727272727272727,0.3,0.25,0.45454545454545453,0.5,0.4166666666666667,0.11111111111111112,0.125,0.1,0.33333333333333326,0.375,0.3,Isophonics,Isophonics_12 Feel Like A Natural Woman
197,0.5138959006151934,2.024204059586032,0.5878176269999926,2.1482149247899955,0.6854949646000037,0.2962962962962963,0.25,0.36363636363636365,0.7407407407407406,0.625,0.9090909090909091,0.2608695652173913,0.21428571428571427,0.3333333333333333,0.6956521739130435,0.5714285714285714,0.8888888888888888,Isophonics,Isophonics_12 Good Old-Fashioned Lover Boy
198,0.5266215085276709,2.75661030410555,5.267904784999985,4.215007141049995,5.269947997999992,0.0689655172413793,0.07142857142857142,0.06666666666666667,0.4137931034482759,0.42857142857142855,0.4,0.0,0.0,0.0,0.32,0.3333333333333333,0.3076923076923077,Isophonics,Isophonics_12 I'm Going Slightly Mad
199,0.4872432404606817,3.992564178500004,1.1468557129999795,4.408813232,2.009243407999989,0.21428571428571427,0.17647058823529413,0.2727272727272727,0.5,0.4117647058823529,0.6363636363636364,0.16666666666666669,0.13333333333333333,0.2222222222222222,0.4166666666666667,0.3333333333333333,0.5555555555555556,Isophonics,Isophonics_12 The Great Pretender
200,0.5711877115241565,2.7909427147000008,2.0814749109000044,3.7779947166499985,2.651638698600001,0.2,0.16666666666666666,0.25,0.6,0.5,0.75,0.0,0.0,0.0,0.5,0.4,0.6666666666666666,Isophonics,Isophonics_12_-_A_Taste_Of_Honey
201,0.5711877115241565,1.3975963974,1.0118099823500089,4.024610779,2.7111035882,0.24000000000000002,0.23076923076923078,0.25,0.5599999999999999,0.5384615384615384,0.5833333333333334,0.09523809523809525,0.09090909090909091,0.1,0.47619047619047616,0.45454545454545453,0.5,Isophonics,Isophonics_12_-_Devil_In_Her_Heart
202,0.5357938279961953,3.4356348572,3.4553626556000125,3.475090454000025,3.9057745055500135,0.22222222222222224,0.23076923076923078,0.21428571428571427,0.4444444444444445,0.46153846153846156,0.42857142857142855,0.08695652173913043,0.09090909090909091,0.08333333333333333,0.34782608695652173,0.36363636363636365,0.3333333333333333,Isophonics,Isophonics_12_-_Get_Back
203,0.49821512321568356,1.1073186039999996,6.739807014200002,1.5983559417699997,9.381049873350007,0.24000000000000005,0.3333333333333333,0.1875,0.4800000000000001,0.6666666666666666,0.375,0.09523809523809523,0.14285714285714285,0.07142857142857142,0.38095238095238093,0.5714285714285714,0.2857142857142857,Isophonics,Isophonics_12_-_I've_Just_Seen_a_Face
204,0.5167599979185825,2.3466186519999894,0.6157732697,2.553000609999998,2.0707674796549975,0.27586206896551724,0.23529411764705882,0.3333333333333333,0.6896551724137931,0.5882352941176471,0.8333333333333334,0.16,0.13333333333333333,0.2,0.64,0.5333333333333333,0.8,Isophonics,Isophonics_12_-_I_Don't_Want_to_Spoil_the_Party
205,0.592095414723503,3.1557376711499927,2.3392053223000033,4.037748443999995,3.972270019999982,0.2608695652173913,0.25,0.2727272727272727,0.5217391304347826,0.5,0.5454545454545454,0.10526315789473685,0.1,0.1111111111111111,0.4210526315789474,0.4,0.4444444444444444,Isophonics,Isophonics_12_-_I_Want_To_Tell_You
206,0.526621508527671,2.2951507567999982,1.1376577759499966,2.54651458549,2.420832671144999,0.1379310344827586,0.13333333333333333,0.14285714285714285,0.689655172413793,0.6666666666666666,0.7142857142857143,0.0,0.0,0.0,0.64,0.6153846153846154,0.6666666666666666,Isophonics,Isophonics_12_-_Jakob_Und_Marie
207,0.5660273828745789,1.19626536179,0.515212677000001,1.4869575195000024,1.19626536179,0.33333333333333326,0.2727272727272727,0.42857142857142855,0.7777777777777778,0.6363636363636364,1.0,0.14285714285714285,0.1111111111111111,0.2,0.7142857142857143,0.5555555555555556,1.0,Isophonics,Isophonics_12_-_Polythene_Pam
208,0.6023448934339364,3.1030677490000045,1.3077652165913847,11.742808441200005,5.486434413899999,0.30769230769230765,0.2222222222222222,0.5,0.46153846153846156,0.3333333333333333,0.75,0.0,0.0,0.0,0.22222222222222224,0.14285714285714285,0.5,Isophonics,Isophonics_12_-_Sgt._Pepper's_Lonely_Hearts_Club_Band_(Reprise)
209,0.5761443852600394,0.8556007537999974,0.8556007537999974,0.8798802261499947,0.8798802261499947,0.35714285714285715,0.35714285714285715,0.35714285714285715,1.0,1.0,1.0,0.25,0.25,0.25,1.0,1.0,1.0,Isophonics,Isophonics_12_-_Wait
210,0.5047756118369859,1.4378361970999993,1.3656196289000064,1.4766979372000009,1.378310547050006,0.2,0.16666666666666666,0.25,0.7333333333333334,0.6111111111111112,0.9166666666666666,0.07692307692307693,0.0625,0.1,0.6923076923076923,0.5625,0.9,Isophonics,Isophonics_12_-_You_Can't_Do_That
211,0.5067281495551047,3.2641922607,1.9828394774999936,3.2901097411999984,2.353770142000002,0.18749999999999997,0.15789473684210525,0.23076923076923078,0.5625,0.47368421052631576,0.6923076923076923,0.07142857142857142,0.058823529411764705,0.09090909090909091,0.5,0.4117647058823529,0.6363636363636364,Isophonics,Isophonics_13 Out In The Cold
212,0.4325362553134276,2.9831677250000155,1.927180877699989,3.1236743159999776,2.6112196352000083,0.1081081081081081,0.08695652173913043,0.14285714285714285,0.4864864864864865,0.391304347826087,0.6428571428571429,0.060606060606060615,0.047619047619047616,0.08333333333333333,0.4242424242424242,0.3333333333333333,0.5833333333333334,Isophonics,Isophonics_13 Play The Game
213,0.5711877115241565,5.538502905134999,15.145388953949992,9.550816167634993,21.46107569145,0.1818181818181818,0.2,0.16666666666666666,0.3636363636363636,0.4,0.3333333333333333,0.0,0.0,0.0,0.22222222222222224,0.25,0.2,Isophonics,Isophonics_13 Princes Of The Universe
214,0.5098953459681936,3.478444213900005,4.4583712158,4.4583712158,4.566289673,0.06666666666666667,0.06666666666666667,0.06666666666666667,0.3333333333333333,0.3333333333333333,0.3333333333333333,0.0,0.0,0.0,0.23076923076923078,0.23076923076923078,0.23076923076923078,Isophonics,Isophonics_13 The Invisible Man
215,0.5379135373841578,2.460537544350002,0.5219122313500009,3.814668609499982,2.460537544350002,0.375,0.3333333333333333,0.42857142857142855,0.6250000000000001,0.5555555555555556,0.7142857142857143,0.28571428571428575,0.25,0.3333333333333333,0.5714285714285715,0.5,0.6666666666666666,Isophonics,Isophonics_13_-_A_Day_In_The_Life
216,0.5315183766475331,2.646976440399996,0.8944678955,2.7083726810000144,1.26827661991,0.2857142857142857,0.23529411764705882,0.36363636363636365,0.6428571428571428,0.5294117647058824,0.8181818181818182,0.16666666666666669,0.13333333333333333,0.2222222222222222,0.5833333333333334,0.4666666666666667,0.7777777777777778,Isophonics,Isophonics_13_-_Got_To_Get_You_Into_My_Life
217,0.5550932463340537,3.8311213380000027,3.2392458963549995,4.111814025899989,3.5525425272550013,0.16,0.15384615384615385,0.16666666666666666,0.4,0.38461538461538464,0.4166666666666667,0.0,0.0,0.0,0.28571428571428564,0.2727272727272727,0.3,Isophonics,Isophonics_13_-_I'll_Be_Back
218,0.5100365997850292,1.063006774999998,0.871046325699993,1.2927016467950012,1.0310030670000003,0.2580645161290323,0.2222222222222222,0.3076923076923077,0.7096774193548387,0.6111111111111112,0.8461538461538461,0.14814814814814814,0.125,0.18181818181818182,0.6666666666666666,0.5625,0.8181818181818182,Isophonics,Isophonics_13_-_If_I_Needed_Someone
219,0.5660273828745789,1.7624837493999994,2.9631719971000052,2.9631719971000052,5.6752826538,0.3,0.3333333333333333,0.2727272727272727,0.6,0.6666666666666666,0.5454545454545454,0.125,0.14285714285714285,0.1111111111111111,0.5,0.5714285714285714,0.4444444444444444,Isophonics,Isophonics_13_-_Not_A_Second_Time
220,0.42381683337908604,2.1149518834200087,1.129096923999981,2.9025205690000178,1.3129397887999978,0.13333333333333333,0.10714285714285714,0.17647058823529413,0.6222222222222222,0.5,0.8235294117647058,0.04878048780487805,0.038461538461538464,0.06666666666666667,0.5853658536585367,0.46153846153846156,0.8,Isophonics,Isophonics_13_-_Paparazzi
221,0.5711877115241565,2.1803717804000016,1.2935151921591839,4.422197737715001,1.3422445869250015,0.2,0.16666666666666666,0.25,0.6,0.5,0.75,0.0,0.0,0.0,0.5,0.4,0.6666666666666666,Isophonics,Isophonics_13_-_She_Came_In_Through_The_Bathroom_Window
222,0.5403026083468738,3.3959176102000033,1.7006144104,5.041829292200001,1.770422241199995,0.2608695652173913,0.21428571428571427,0.3333333333333333,0.6086956521739131,0.5,0.7777777777777778,0.10526315789473685,0.08333333333333333,0.14285714285714285,0.5263157894736842,0.4166666666666667,0.7142857142857143,Isophonics,Isophonics_13_-_There's_A_Place
223,0.5433476710871481,1.8453072509999942,0.9600158080000014,1.868963867000005,1.733111653339997,0.22222222222222224,0.2,0.25,0.7407407407407408,0.6666666666666666,0.8333333333333334,0.08695652173913043,0.07692307692307693,0.1,0.6956521739130435,0.6153846153846154,0.8,Isophonics,Isophonics_13_-_What_You're_Doing
224,0.50019921577113,2.550359680149999,0.24758593800000028,2.6508653945799967,1.8987515869000013,0.3870967741935483,0.3,0.5454545454545454,0.7096774193548387,0.55,1.0,0.2962962962962963,0.2222222222222222,0.4444444444444444,0.6666666666666666,0.5,1.0,Isophonics,Isophonics_13_-_Yesterday
225,0.4578304608590672,5.330975295849999,3.847308227499994,5.330975295849999,3.847308227499994,0.060606060606060615,0.05,0.07692307692307693,0.30303030303030304,0.25,0.38461538461538464,0.0,0.0,0.0,0.27586206896551724,0.2222222222222222,0.36363636363636365,Isophonics,Isophonics_14 Another One Bites The Dust
226,0.5711877115241565,3.5572482383989206,3.267709411499993,4.971465429119996,5.883455346879996,0.16666666666666666,0.16666666666666666,0.16666666666666666,0.5,0.5,0.5,0.10000000000000002,0.1,0.1,0.4000000000000001,0.4,0.4,Isophonics,Isophonics_14 Flash
227,0.5098953459681937,2.404564625850327,4.3556803894,3.2443196106000016,8.090521362000004,0.07692307692307691,0.09090909090909091,0.06666666666666667,0.4615384615384615,0.5454545454545454,0.4,0.0,0.0,0.0,0.3636363636363637,0.4444444444444444,0.3076923076923077,Isophonics,Isophonics_14 Hammer To Fall
228,0.4872432404606817,3.220473816000009,4.533919799800003,3.220473816000009,4.533919799800003,0.06451612903225808,0.07142857142857142,0.058823529411764705,0.3870967741935484,0.42857142857142855,0.35294117647058826,0.0,0.0,0.0,0.3703703703703704,0.4166666666666667,0.3333333333333333,Isophonics,Isophonics_14 Smackwater Jack [Live]
229,0.5295766780147033,2.529280450845003,0.8045566410000049,4.814212341550004,1.3844633788999943,0.2962962962962963,0.25,0.36363636363636365,0.5185185185185185,0.4375,0.6363636363636364,0.17391304347826086,0.14285714285714285,0.2222222222222222,0.43478260869565216,0.35714285714285715,0.5555555555555556,Isophonics,Isophonics_14_-_Dizzy_Miss_Lizzy
230,0.5315183766475331,2.891508971999997,1.3337075805999987,4.301205871600004,1.8449591060000046,0.14285714285714285,0.11764705882352941,0.18181818181818182,0.6428571428571428,0.5294117647058824,0.8181818181818182,0.0,0.0,0.0,0.5833333333333334,0.4666666666666667,0.7777777777777778,Isophonics,Isophonics_14_-_Everybody's_Trying_to_Be_My_Baby
231,0.5660273828745789,5.884981987,0.35798304366999995,11.154287872300003,3.205466190330001,0.3529411764705882,0.2727272727272727,0.5,0.3529411764705882,0.2727272727272727,0.5,0.15384615384615383,0.1111111111111111,0.25,0.15384615384615383,0.1111111111111111,0.25,Isophonics,Isophonics_14_-_Golden_Slumbers
232,0.5138959006151934,4.588218459849998,1.9077615969999897,5.526349067665,3.6763126220999993,0.14814814814814814,0.125,0.18181818181818182,0.4444444444444444,0.375,0.5454545454545454,0.0,0.0,0.0,0.34782608695652173,0.2857142857142857,0.4444444444444444,Isophonics,Isophonics_14_-_Money
233,0.5295766780147033,2.087864581109999,0.960496978800002,2.377349993560003,2.0328698119999995,0.28571428571428575,0.25,0.3333333333333333,0.7142857142857143,0.625,0.8333333333333334,0.16666666666666666,0.14285714285714285,0.2,0.6666666666666666,0.5714285714285714,0.8,Isophonics,Isophonics_14_-_Run_For_Your_Life
234,0.5357938279961953,1.8690720215000027,1.5899345398000015,1.9393151550299998,2.2701474952650003,0.16,0.15384615384615385,0.16666666666666666,0.64,0.6153846153846154,0.6666666666666666,0.0,0.0,0.0,0.5714285714285713,0.5454545454545454,0.6,Isophonics,Isophonics_14_-_Santa_Donna_Lucia_Mobile
235,0.5550932463340537,2.8237420842699903,3.371816688539999,4.728478504170002,6.085140319800004,0.16,0.16666666666666666,0.15384615384615385,0.48000000000000004,0.5,0.46153846153846156,0.0,0.0,0.0,0.380952380952381,0.4,0.36363636363636365,Isophonics,Isophonics_14_-_Tomorrow_Never_Knows
236,0.5502800083248099,4.282337829499994,1.104700680272117,6.930648071499988,2.2854277339999953,0.1904761904761905,0.16666666666666666,0.2222222222222222,0.5714285714285715,0.5,0.6666666666666666,0.0,0.0,0.0,0.47058823529411764,0.4,0.5714285714285714,Isophonics,Isophonics_14_-_Twist_And_Shout
237,0.47479376891379405,7.586161087100011,5.512431029999988,8.020303680500014,6.2974398190000045,0.05714285714285715,0.045454545454545456,0.07692307692307693,0.1714285714285714,0.13636363636363635,0.23076923076923078,0.0,0.0,0.0,0.06451612903225806,0.05,0.09090909090909091,Isophonics,Isophonics_15 Friends Will Be Friends
238,0.4803184191980354,4.505342864999996,1.7912026977000046,5.975444275000001,2.3021304932,0.18181818181818182,0.15789473684210525,0.21428571428571427,0.5454545454545454,0.47368421052631576,0.6428571428571429,0.06896551724137931,0.058823529411764705,0.08333333333333333,0.4827586206896552,0.4117647058823529,0.5833333333333334,Isophonics,Isophonics_15 No-One But You
239,0.5502800083248099,3.3149902343500024,2.72634826700002,5.620132354899997,4.0821524658,0.08695652173913043,0.08333333333333333,0.09090909090909091,0.5217391304347826,0.5,0.5454545454545454,0.0,0.0,0.0,0.4210526315789474,0.4,0.4444444444444444,Isophonics,Isophonics_15 Seven Seas Of Rhye
240,0.5550932463340537,3.153253845200002,0.4802029637945021,3.4237752686000107,1.4883991765749993,0.3157894736842105,0.23076923076923078,0.5,0.5263157894736842,0.38461538461538464,0.8333333333333334,0.13333333333333333,0.09090909090909091,0.25,0.39999999999999997,0.2727272727272727,0.75,Isophonics,Isophonics_15_-_Carry_That_Weight
241,0.5502800083248099,4.290326370100001,3.5128192289849984,6.5194409025999995,6.800099624485004,0.16666666666666666,0.16666666666666666,0.16666666666666666,0.5,0.5,0.5,0.0,0.0,0.0,0.4000000000000001,0.4,0.4,Isophonics,"Isophonics_15_-_Es_Wird_Alles_Wieder_Gut,_Herr_Professor"
242,0.5067657310584723,6.372467620799998,2.9543392329999847,6.492611449999998,5.084671874999998,0.05555555555555555,0.043478260869565216,0.07692307692307693,0.3888888888888889,0.30434782608695654,0.5384615384615384,0.0,0.0,0.0,0.31249999999999994,0.23809523809523808,0.45454545454545453,Isophonics,Isophonics_16 The Show Must Go On
243,0.5743926646719121,3.2317080079999982,3.2317080079999982,6.723658446999991,3.291824951199999,0.24999999999999994,0.23076923076923078,0.2727272727272727,0.41666666666666663,0.38461538461538464,0.45454545454545453,0.09999999999999999,0.09090909090909091,0.1111111111111111,0.3,0.2727272727272727,0.3333333333333333,Isophonics,Isophonics_16 These Are The Days Of Our Lives
244,0.5502800083248099,1.4930413207999962,1.5233419494499962,1.5536425780999963,1.8350225219500018,0.17391304347826086,0.18181818181818182,0.16666666666666666,0.8695652173913043,0.9090909090909091,0.8333333333333334,0.10526315789473685,0.1111111111111111,0.1,0.8421052631578948,0.8888888888888888,0.8,Isophonics,Isophonics_16 We Will Rock You
245,0.6550228972107824,1.1422461997449953,0.14288662131519914,9.808933776700002,0.38045611599999063,0.6153846153846154,0.5,0.8,0.6153846153846154,0.5,0.8,0.4444444444444444,0.3333333333333333,0.6666666666666666,0.4444444444444444,0.3333333333333333,0.6666666666666666,Isophonics,Isophonics_16_-_The_End
246,0.48291970469828316,5.166410522550002,2.298475830000001,5.769472900550014,4.44514843799999,0.18181818181818185,0.15,0.23076923076923078,0.3636363636363637,0.3,0.46153846153846156,0.06896551724137931,0.05555555555555555,0.09090909090909091,0.27586206896551724,0.2222222222222222,0.36363636363636365,Isophonics,Isophonics_16_-_Zu_Leise_Fur_Mich
247,0.5357938279961953,7.349652343499997,8.262306273999997,8.5676441305,8.894203796,0.08,0.08333333333333333,0.07692307692307693,0.4,0.4166666666666667,0.38461538461538464,0.0,0.0,0.0,0.28571428571428564,0.3,0.2727272727272727,Isophonics,Isophonics_17 One Vision
248,0.48144789503916025,1.8365913086000063,0.7473244629000106,2.6478927,0.9760482179999883,0.15,0.12,0.2,0.5499999999999999,0.44,0.7333333333333333,0.05555555555555555,0.043478260869565216,0.07692307692307693,0.5,0.391304347826087,0.6923076923076923,Isophonics,Isophonics_17 Thank God It's Christmas
249,0.6023448934339364,2.316281179138315,1.496786285399999,6.6901358643,4.29332821655,0.23529411764705882,0.2222222222222222,0.25,0.5882352941176471,0.5555555555555556,0.625,0.15384615384615383,0.14285714285714285,0.16666666666666666,0.4615384615384615,0.42857142857142855,0.5,Isophonics,Isophonics_17 We Are The Champions
250,0.49821512321568356,3.0178834230500016,3.0178834230500016,3.860379852500003,3.860379852500003,0.1875,0.1875,0.1875,0.5,0.5,0.5,0.07142857142857142,0.07142857142857142,0.07142857142857142,0.42857142857142855,0.42857142857142855,0.42857142857142855,Isophonics,Isophonics_17_-_Duell
251,0.6478279390863703,4.91820631409,0.1829172335600918,9.2138978043,1.5444547100100001,0.36363636363636365,0.2857142857142857,0.5,0.5454545454545454,0.42857142857142855,0.75,0.0,0.0,0.0,0.28571428571428575,0.2,0.5,Isophonics,Isophonics_17_-_Her_Majesty
252,0.522381719890291,3.4788725586000027,5.8151932375000115,4.409830322000005,8.375500000000002,0.16,0.18181818181818182,0.14285714285714285,0.32,0.36363636363636365,0.2857142857142857,0.0,0.0,0.0,0.1904761904761905,0.2222222222222222,0.16666666666666666,Isophonics,Isophonics_18_-_Zuhause
253,0.4768986742378572,2.6264002991000055,3.154729217499998,2.636446990800003,3.6752732850499967,0.125,0.14285714285714285,0.1111111111111111,0.5625000000000001,0.6428571428571429,0.5,0.0,0.0,0.0,0.5,0.5833333333333334,0.4375,Isophonics,Isophonics_2-01 Bad
254,0.46338956716869595,3.1180796509000004,1.5486744079999966,3.644295074350005,1.8152960682949837,0.16666666666666663,0.13636363636363635,0.21428571428571427,0.5555555555555556,0.45454545454545453,0.7142857142857143,0.0625,0.05,0.08333333333333333,0.5,0.4,0.6666666666666666,Isophonics,Isophonics_2-02 The Way You Make Me Feel (Single Version)
255,0.5403026083468738,2.7041327210000006,2.404817627,3.0262877504999963,4.2156436769999885,0.20689655172413796,0.21428571428571427,0.2,0.4827586206896552,0.5,0.4666666666666667,0.08,0.08333333333333333,0.07692307692307693,0.4,0.4166666666666667,0.38461538461538464,Isophonics,Isophonics_2-03 Man In The Mirror
256,0.5098953459681937,4.632076904300007,5.444459472999995,5.444459472999995,5.449305389399996,0.13333333333333333,0.13333333333333333,0.13333333333333333,0.4000000000000001,0.4,0.4,0.0,0.0,0.0,0.3076923076923077,0.3076923076923077,0.3076923076923077,Isophonics,Isophonics_2-04 Dirty Diana
257,0.37088754910286204,3.3125167846999943,1.2579933778499992,3.7538252563000007,1.918337555000015,0.0784313725490196,0.05714285714285714,0.125,0.5098039215686275,0.37142857142857144,0.8125,0.0,0.0,0.0,0.4680851063829786,0.3333333333333333,0.7857142857142857,Isophonics,Isophonics_2-05 Another Part Of Me (Single Version)
258,0.49083714303742154,2.36479797399997,2.0388114012000003,2.3659990233999935,2.3732316283999992,0.10810810810810811,0.10526315789473684,0.1111111111111111,0.6486486486486486,0.631578947368421,0.6666666666666666,0.0,0.0,0.0,0.6060606060606061,0.5882352941176471,0.625,Isophonics,Isophonics_2-06 Smooth Criminal
259,0.48104878808812956,2.982730774000011,1.5374117734500032,3.8472195435000174,2.879970031950009,0.28571428571428575,0.25,0.3333333333333333,0.4761904761904762,0.4166666666666667,0.5555555555555556,0.2105263157894737,0.18181818181818182,0.25,0.4210526315789474,0.36363636363636365,0.5,Isophonics,Isophonics_2-07 Leave Me Alone
260,0.4872432404606817,1.7743176269999879,14.64404754600001,2.065952453999998,20.42152383041,0.16666666666666666,0.2857142857142857,0.11764705882352941,0.4166666666666667,0.7142857142857143,0.29411764705882354,0.0,0.0,0.0,0.3,0.6,0.2,Isophonics,Isophonics_2-08 Black Or White (Single Version)
261,0.4027947170995912,4.5176741943,1.523844579529813,5.44422883987,2.509821990849993,0.13333333333333333,0.0967741935483871,0.21428571428571427,0.4,0.2903225806451613,0.6428571428571429,0.04878048780487805,0.034482758620689655,0.08333333333333333,0.34146341463414637,0.2413793103448276,0.5833333333333334,Isophonics,Isophonics_2-09 Remember The Time
262,0.46338956716869606,1.0601115719999825,4.8715618286999955,1.8834353828400001,6.458500488499993,0.1142857142857143,0.15384615384615385,0.09090909090909091,0.5142857142857142,0.6923076923076923,0.4090909090909091,0.0,0.0,0.0,0.45161290322580644,0.6363636363636364,0.35,Isophonics,Isophonics_2-10 In The Closet (Single Version)
263,0.45619534392775063,2.048873321499997,0.8737689359499932,2.164918854000007,1.5739967039500016,0.25,0.20833333333333334,0.3125,0.75,0.625,0.9375,0.16666666666666663,0.13636363636363635,0.21428571428571427,0.7222222222222223,0.5909090909090909,0.9285714285714286,Isophonics,Isophonics_2-11 Who Is It (7_ Edit)
264,0.502001619189632,1.506581176549993,1.5061101069999836,1.5127072450500023,1.5243317869999942,0.1935483870967742,0.21428571428571427,0.17647058823529413,0.8387096774193549,0.9285714285714286,0.7647058823529411,0.07407407407407407,0.08333333333333333,0.06666666666666667,0.8148148148148148,0.9166666666666666,0.7333333333333333,Isophonics,Isophonics_2-12 Heal The World
265,0.5550932463340537,1.8232511033950007,2.5495691609977484,2.7143829390950023,10.893346069000003,0.17391304347826086,0.2,0.15384615384615385,0.5217391304347826,0.6,0.46153846153846156,0.0,0.0,0.0,0.4210526315789474,0.5,0.36363636363636365,Isophonics,Isophonics_2-13 Will You Be There (Single Version)
266,0.5223817198902911,2.50358978285,2.50358978285,3.5251202087500015,3.5251202087500015,0.14285714285714285,0.14285714285714285,0.14285714285714285,0.5,0.5,0.5,0.0,0.0,0.0,0.4166666666666667,0.4166666666666667,0.4166666666666667,Isophonics,Isophonics_2-14 You Are Not Alone (Single Version)
267,0.5167599979185826,2.567194091999994,1.732388458199992,2.637011291500002,2.152968688999991,0.12903225806451615,0.11764705882352941,0.14285714285714285,0.6451612903225806,0.5882352941176471,0.7142857142857143,0.0,0.0,0.0,0.5925925925925926,0.5333333333333333,0.6666666666666666,Isophonics,Isophonics_2-15 Earth Song (Radio Edit)
268,0.46094764477439354,2.0074942321999956,2.712944091799997,2.3798465270999998,3.478541259999986,0.1081081081081081,0.125,0.09523809523809523,0.5405405405405405,0.625,0.47619047619047616,0.0,0.0,0.0,0.48484848484848486,0.5714285714285714,0.42105263157894735,Isophonics,Isophonics_2-16 They Don't Care About Us
269,0.4262645331708076,3.836356872499998,1.8585647581000124,4.132994262750003,1.8783395385000077,0.08695652173913045,0.06666666666666667,0.125,0.5217391304347827,0.4,0.75,0.0,0.0,0.0,0.4761904761904762,0.35714285714285715,0.7142857142857143,Isophonics,Isophonics_2-17 You Rock My World
270,0.5403026083468738,2.0775187530500006,2.0775187530500006,2.9142845916500004,2.9142845916500004,0.21428571428571427,0.21428571428571427,0.21428571428571427,0.5714285714285714,0.5714285714285714,0.5714285714285714,0.08333333333333333,0.08333333333333333,0.08333333333333333,0.5,0.5,0.5,Isophonics,Isophonics_CD1_-_01_-_Back_in_the_USSR
271,0.4803184191980354,6.427600342000005,3.1117059937000064,7.383712554900001,5.058945922900001,0.14285714285714285,0.10526315789473684,0.2222222222222222,0.2857142857142857,0.21052631578947367,0.4444444444444444,0.0,0.0,0.0,0.16666666666666666,0.11764705882352941,0.2857142857142857,Isophonics,Isophonics_CD1_-_02_-_Dear_Prudence
272,0.5502800083248099,2.6587361144,1.9926964416500024,7.3301497954999935,4.981997238150003,0.3636363636363636,0.3333333333333333,0.4,0.5454545454545454,0.5,0.6,0.22222222222222224,0.2,0.25,0.4444444444444445,0.4,0.5,Isophonics,Isophonics_CD1_-_03_-_Glass_Onion
273,0.522381719890291,1.446692810000016,2.4593281248000025,2.1775556106600003,4.235201720999996,0.2608695652173913,0.3333333333333333,0.21428571428571427,0.6956521739130435,0.8888888888888888,0.5714285714285714,0.10526315789473685,0.14285714285714285,0.08333333333333333,0.631578947368421,0.8571428571428571,0.5,Isophonics,"Isophonics_CD1_-_04_-_Ob-La-Di,_Ob-La-Da"
274,0.6302218310330651,1.3547579041000013,1.3547579041000013,2.36331515503,4.030724487299999,0.375,0.42857142857142855,0.3333333333333333,0.6250000000000001,0.7142857142857143,0.5555555555555556,0.16666666666666666,0.2,0.14285714285714285,0.5,0.6,0.42857142857142855,Isophonics,Isophonics_CD1_-_05_-_Wild_Honey_Pie
275,0.5100365997850292,3.233231353600001,0.4057015379999882,5.747427627549996,2.600681152000007,0.41379310344827586,0.3333333333333333,0.5454545454545454,0.4827586206896552,0.3888888888888889,0.6363636363636364,0.32,0.25,0.4444444444444444,0.39999999999999997,0.3125,0.5555555555555556,Isophonics,Isophonics_CD1_-_06_-_The_Continuing_Story_of_Bungalow_Bill
276,0.6083659238943623,1.6916506041000012,2.607473968600001,2.607473968600001,3.1892431641499996,0.22222222222222224,0.25,0.2,0.5555555555555556,0.625,0.5,0.0,0.0,0.0,0.42857142857142855,0.5,0.375,Isophonics,Isophonics_CD1_-_07_-_While_My_Guitar_Gently_Weeps
277,0.6083659238943623,2.2567110085500013,0.909923983905891,4.677715881500006,2.167436614999996,0.37499999999999994,0.3,0.5,0.625,0.5,0.8333333333333334,0.16666666666666666,0.125,0.25,0.5,0.375,0.75,Isophonics,Isophonics_CD1_-_08_-_Happiness_is_a_Warm_Gun
278,0.5067281495551047,2.6005160217000025,1.0893936465000138,4.276950317000001,1.3703808595000098,0.27586206896551724,0.21052631578947367,0.4,0.5517241379310345,0.42105263157894735,0.8,0.15999999999999998,0.11764705882352941,0.25,0.48,0.35294117647058826,0.75,Isophonics,Isophonics_CD1_-_09_-_Martha_My_Dear
279,0.5223817198902911,4.864622863950004,1.3553677673499998,6.861518547080003,2.5158474579000014,0.2727272727272727,0.21428571428571427,0.375,0.45454545454545453,0.35714285714285715,0.625,0.1111111111111111,0.08333333333333333,0.16666666666666666,0.3333333333333333,0.25,0.5,Isophonics,Isophonics_CD1_-_10_-_I'm_So_Tired
280,0.5223817198902911,1.5549071960499994,1.3235712279999987,2.0250944824500046,1.7862431641,0.23999999999999996,0.21428571428571427,0.2727272727272727,0.56,0.5,0.6363636363636364,0.09523809523809525,0.08333333333333333,0.1111111111111111,0.4761904761904762,0.4166666666666667,0.5555555555555556,Isophonics,Isophonics_CD1_-_11_-_Black_Bird
281,0.5888357863647751,1.39319729805,0.6653829650999974,7.023975891099994,4.108802701949999,0.16666666666666669,0.15384615384615385,0.18181818181818182,0.4999999999999999,0.46153846153846156,0.5454545454545454,0.0,0.0,0.0,0.39999999999999997,0.36363636363636365,0.4444444444444444,Isophonics,Isophonics_CD1_-_12_-_Piggies
282,0.46338956716869606,5.609644973749997,1.1220577999999932,5.8964509277,3.156840605089998,0.23529411764705885,0.18181818181818182,0.3333333333333333,0.4117647058823529,0.3181818181818182,0.5833333333333334,0.13333333333333333,0.1,0.2,0.3333333333333333,0.25,0.5,Isophonics,Isophonics_CD1_-_13_-_Rocky_Raccoon
283,0.376555399993553,5.7104429320000065,3.6152724456500023,7.176687622000003,3.992591247399999,0.0909090909090909,0.058823529411764705,0.2,0.1818181818181818,0.11764705882352941,0.4,0.0,0.0,0.0,0.1,0.0625,0.25,Isophonics,Isophonics_CD1_-_14_-_Don't_Pass_Me_By
284,0.5582234968034566,6.7180315857,1.1955281678000063,10.100804687500002,1.367746299750002,0.2,0.14285714285714285,0.3333333333333333,0.5,0.35714285714285715,0.8333333333333334,0.0,0.0,0.0,0.375,0.25,0.75,Isophonics,Isophonics_CD1_-_15_-_Why_Don't_We_Do_It_In_The_Road
285,0.5832766800551464,2.9514460020600035,1.091,5.449079040499999,5.2481186523000005,0.3529411764705882,0.3,0.42857142857142855,0.47058823529411764,0.4,0.5714285714285714,0.15384615384615385,0.125,0.2,0.3076923076923077,0.25,0.4,Isophonics,Isophonics_CD1_-_16_-_I_Will
286,0.5574176710311635,3.2314636229999962,1.3375639650000046,5.289780624400002,2.3240015869500006,0.29629629629629634,0.23529411764705882,0.4,0.5185185185185185,0.4117647058823529,0.7,0.1739130434782609,0.13333333333333333,0.25,0.43478260869565216,0.3333333333333333,0.625,Isophonics,Isophonics_CD1_-_17_-_Julia
287,0.5223817198902911,1.9406111144999976,1.2999199220000008,2.8059095611499956,1.705800293000003,0.32,0.2857142857142857,0.36363636363636365,0.64,0.5714285714285714,0.7272727272727273,0.1904761904761905,0.16666666666666666,0.2222222222222222,0.5714285714285715,0.5,0.6666666666666666,Isophonics,Isophonics_CD2_-_01_-_Birthday
288,0.39761103424514205,7.890240601000016,1.4742918700000018,7.996559692399998,1.7770236819999923,0.09090909090909091,0.06060606060606061,0.18181818181818182,0.3181818181818182,0.21212121212121213,0.6363636363636364,0.0,0.0,0.0,0.25,0.16129032258064516,0.5555555555555556,Isophonics,Isophonics_CD2_-_02_-_Yer_Blues
289,0.5138959006151934,3.217698699799996,1.6017005309999988,4.7718243560999944,3.0186121216000004,0.2222222222222222,0.1875,0.2727272727272727,0.4444444444444444,0.375,0.5454545454545454,0.08695652173913043,0.07142857142857142,0.1111111111111111,0.34782608695652173,0.2857142857142857,0.4444444444444444,Isophonics,Isophonics_CD2_-_03_-_Mother_Nature's_Son
290,0.5832766800551464,3.1549446410000073,6.22276428604,6.748454866519998,9.907040100100001,0.2105263157894737,0.2,0.2222222222222222,0.3157894736842105,0.3,0.3333333333333333,0.0,0.0,0.0,0.13333333333333333,0.125,0.14285714285714285,Isophonics,Isophonics_CD2_-_04_-_Everybody's_Got_Something_To_Hide_Except_Me_and_My_Monkey
291,0.45198536542359785,7.057704551700001,3.2072563171000006,7.8872689438000005,3.262013671899993,0.1290322580645161,0.09090909090909091,0.2222222222222222,0.2580645161290322,0.18181818181818182,0.4444444444444444,0.0,0.0,0.0,0.14814814814814817,0.1,0.2857142857142857,Isophonics,Isophonics_CD2_-_05_-_Sexy_Sadie
292,0.49821512321568356,4.776523544299998,4.124016311649996,6.206564544599999,6.196178939900001,0.14285714285714288,0.125,0.16666666666666666,0.28571428571428575,0.25,0.3333333333333333,0.0,0.0,0.0,0.16666666666666666,0.14285714285714285,0.2,Isophonics,Isophonics_CD2_-_06_-_Helter_Skelter
293,0.5711877115241564,2.2362182620000226,1.909258374695579,2.409197021499999,2.5395199587500024,0.2608695652173913,0.2727272727272727,0.25,0.6956521739130435,0.7272727272727273,0.6666666666666666,0.10526315789473685,0.1111111111111111,0.1,0.631578947368421,0.6666666666666666,0.6,Isophonics,Isophonics_CD2_-_07_-_Long_Long_Long
294,0.3866081081710649,7.455099914599998,0.4129060669999802,10.427167846999993,1.4575888367499878,0.2926829268292683,0.1935483870967742,0.6,0.3414634146341463,0.22580645161290322,0.7,0.2162162162162162,0.13793103448275862,0.5,0.2702702702702703,0.1724137931034483,0.625,Isophonics,Isophonics_CD2_-_08_-_Revolution_1
295,0.44900038580333834,3.4484337769000035,2.3891845244000045,5.039019531000008,4.142252212400006,0.12121212121212123,0.09523809523809523,0.16666666666666666,0.36363636363636365,0.2857142857142857,0.5,0.0,0.0,0.0,0.27586206896551724,0.21052631578947367,0.4,Isophonics,Isophonics_CD2_-_09_-_Honey_Pie
296,0.49083714303742154,2.165352373145003,1.5784580498866205,4.109931707405,2.3802285767000058,0.1212121212121212,0.1111111111111111,0.13333333333333333,0.5454545454545454,0.5,0.6,0.0,0.0,0.0,0.4827586206896552,0.4375,0.5384615384615384,Isophonics,Isophonics_CD2_-_10_-_Savoy_Truffle
297,0.5223817198902911,2.6159265327550125,2.7419364395100008,3.0968041228999965,3.0533792113999993,0.14814814814814817,0.14285714285714285,0.15384615384615385,0.5185185185185186,0.5,0.5384615384615384,0.0,0.0,0.0,0.43478260869565216,0.4166666666666667,0.45454545454545453,Isophonics,Isophonics_CD2_-_11_-_Cry_Baby_Cry
298,0.46711355401950083,4.655949890000002,1.783401306299993,5.701855712999986,2.0213635404500074,0.12903225806451615,0.10526315789473684,0.16666666666666666,0.5161290322580646,0.42105263157894735,0.6666666666666666,0.0,0.0,0.0,0.4444444444444445,0.35294117647058826,0.6,Isophonics,Isophonics_CD2_-_13_-_Good_Night
